AgeGroup,StartDate,EndDate,Status,IPAddress,Progress,Duration (in seconds),Finished,RecordedDate,ResponseId,RecipientLastName,RecipientFirstName,RecipientEmail,ExternalReference,LocationLatitude,LocationLongitude,DistributionChannel,UserLanguage,Q_RecaptchaScore,QID1_Browser,QID1_Version,QID1_Operating System,QID1_Resolution,QID10,QID10_3_TEXT,QID9,QID9_6_TEXT,QID6,QID27,QID28,QID14,QID19,QID16,QID29,QID17,QID18,RandomId,IsPlacebo,RecipientAvgTimeToRespond,IP Address,Postal Code,City,Region,Country,CountryCode,SurveyLink,SurveySessionID,CurrentDate,Email,Language,ExternalDataReference
AgeGroup,Start Date,End Date,Response Type,IP Address,Progress,Duration (in seconds),Finished,Recorded Date,Response ID,Recipient Last Name,Recipient First Name,Recipient Email,External Data Reference,Location Latitude,Location Longitude,Distribution Channel,User Language,Q_RecaptchaScore,Click to write the question text - Browser,Click to write the question text - Version,Click to write the question text - Operating System,Click to write the question text - Resolution,What is your Gender? - Selected Choice,What is your Gender? - Other - Text,Please specify your ethnicity - Selected Choice,Please specify your ethnicity - Other - Text,What is the highest level of school you have completed or the highest degree you have received?,What is your Employment status?,"In general, how would you classify your political beliefs?",Do you experience chronic pain?,Deaths due to overdoses involving prescription opioids are increasing.,"Provide your response to the below statement.
Do you have a desire to learn about the benefits of medical cannabis for chronic pain?","Provide your response to the below statement.
Medical cannabis is generally portrayed as more harmful than it actually is.","Provide your response to the below statement.

There is a lot of misinformation about medical cannabis.","Provide your response to the below statement.
Medical cannabis is addictive.",RandomId,IsPlacebo,RecipientAvgTimeToRespond,IP Address,Postal Code,City,Region,Country,CountryCode,SurveyLink,SurveySessionID,CurrentDate,Email,Language,ExternalDataReference
AgeGroup,"{""ImportId"":""startDate"",""timeZone"":""America/Denver""}","{""ImportId"":""endDate"",""timeZone"":""America/Denver""}",{"ImportId":"status"},{"ImportId":"ipAddress"},{"ImportId":"progress"},{"ImportId":"duration"},{"ImportId":"finished"},"{""ImportId"":""recordedDate"",""timeZone"":""America/Denver""}",{"ImportId":"_recordId"},{"ImportId":"recipientLastName"},{"ImportId":"recipientFirstName"},{"ImportId":"recipientEmail"},{"ImportId":"externalDataReference"},{"ImportId":"locationLatitude"},{"ImportId":"locationLongitude"},{"ImportId":"distributionChannel"},{"ImportId":"userLanguage"},{"ImportId":"Q_RecaptchaScore"},{"ImportId":"QID1_BROWSER"},{"ImportId":"QID1_VERSION"},{"ImportId":"QID1_OS"},{"ImportId":"QID1_RESOLUTION"},{"ImportId":"QID10"},{"ImportId":"QID10_3_TEXT"},{"ImportId":"QID9"},{"ImportId":"QID9_6_TEXT"},{"ImportId":"QID6"},{"ImportId":"QID27"},{"ImportId":"QID28"},{"ImportId":"QID14"},{"ImportId":"QID19"},{"ImportId":"QID16"},{"ImportId":"QID29"},{"ImportId":"QID17"},{"ImportId":"QID18"},{"ImportId":"RandomId"},{"ImportId":"IsPlacebo"},"{""ImportId"":""RecipientAvgTimeToRespond"",""timeZone"":""UTC""}",{"ImportId":"IP Address"},{"ImportId":"Postal Code"},{"ImportId":"City"},{"ImportId":"Region"},{"ImportId":"Country"},{"ImportId":"CountryCode"},{"ImportId":"SurveyLink"},{"ImportId":"SurveySessionID"},{"ImportId":"CurrentDate"},{"ImportId":"Email"},{"ImportId":"Language"},{"ImportId":"ExternalDataReference"}
25-35,11/28/2020 11:00,11/28/2020 11:05,IP Address,174.63.149.115,100,320,TRUE,11/28/2020 11:05,R_1ltXe8sYWi5unYP,,,,,26.69320679,-81.91290283,anonymous,EN,0.3,Firefox,83,Windows NT 10.0,1364x768,Male,,White/Caucasian,,High school,Employed,Conservative,No,Neither agree nor disagree,Neither agree nor disagree,Neither agree nor disagree,Neither agree nor disagree,Neither agree nor disagree,24912,NO,,174.63.149.115,33901,Fort Myers,FL,United States,US,,,2020-11-28T11:05:33-07:00,,,
25-35,11/28/2020 11:03,11/28/2020 11:07,IP Address,172.1.175.92,100,201,TRUE,11/28/2020 11:07,R_3MPEFlTXmTxsDPu,,,,,33.89920044,-84.85720062,anonymous,EN,0.9,Firefox,83,Windows NT 10.0,1366x768,Female,,White/Caucasian,,High school,Employed,Liberal,Yes,Neither agree nor disagree,Neither agree nor disagree,Somewhat agree,Neither agree nor disagree,Neither agree nor disagree,94088,NO,,172.1.175.92,30157,Dallas,GA,United States,US,,,2020-11-28T11:07:04-07:00,,,
25-35,11/28/2020 11:00,11/28/2020 11:09,IP Address,50.121.87.198,100,559,TRUE,11/28/2020 11:09,R_3Jmh0iXf26MVQzu,,,,,41.14680481,-85.20670319,anonymous,EN,0.9,Chrome,87.0.4280.66,Windows NT 10.0,1920x1080,Female,,White/Caucasian,,Some college,Employed,Liberal,Yes,Somewhat agree,Strongly agree,Somewhat agree,Strongly agree,Strongly disagree,67154,YES,,50.121.87.198,46845,Fort Wayne,IN,United States,US,,,2020-11-28T11:09:34-07:00,,,
25-35,11/28/2020 11:01,11/28/2020 11:11,IP Address,144.163.88.120,100,578,TRUE,11/28/2020 11:11,R_1PXJy0sWmnXac4j,,,,,33.58790588,-86.33840179,anonymous,EN,0.7,Chrome,87.0.4280.66,Windows NT 10.0,1366x768,Male,,White/Caucasian,,Bachelor's degree or higher,Employed,Conservative,Yes,Strongly agree,Strongly agree,Strongly agree,Strongly agree,Somewhat agree,46113,YES,,144.163.88.120,35125,Pell City,AL,United States,US,,,2020-11-28T11:11:14-07:00,,,
25-35,11/28/2020 10:59,11/28/2020 11:11,IP Address,196.17.65.4,100,684,TRUE,11/28/2020 11:11,R_1rw7rWXcOf3In8J,,,,,34.05439758,-118.2440033,anonymous,EN,0.9,Chrome,87.0.4280.66,Windows NT 10.0,1366x768,Female,,White/Caucasian,,Bachelor's degree or higher,Employed,Liberal,Yes,Somewhat agree,Strongly agree,Somewhat agree,Neither agree nor disagree,Somewhat agree,41816,YES,,196.17.65.4,90009,Los Angeles,CA,United States,US,,,2020-11-28T11:11:16-07:00,,,
25-35,11/28/2020 11:09,11/28/2020 11:13,IP Address,64.121.102.112,100,226,TRUE,11/28/2020 11:13,R_2YhLXXgz5B2uCGv,,,,,40.58850098,-75.46420288,anonymous,EN,0.9,Safari iPhone,14,iPhone,414x736,Male,,White/Caucasian,,Bachelor's degree or higher,Employed,Liberal,No,Strongly agree,Somewhat disagree,Somewhat agree,Strongly agree,Somewhat agree,53111,NO,,64.121.102.112,18015,Bethlehem,PA,United States,US,,,2020-11-28T11:13:20-07:00,,,
25-35,11/28/2020 11:08,11/28/2020 11:13,IP Address,68.168.211.40,100,344,TRUE,11/28/2020 11:13,R_eS4PKbqMGMoKeDT,,,,,37.75100708,-97.8219986,anonymous,EN,0.9,Chrome,86.0.4240.198,Windows NT 10.0,1366x768,Male,,White/Caucasian,,Bachelor's degree or higher,Employed,Liberal,Yes,Somewhat agree,Strongly agree,Somewhat agree,Strongly agree,Neither agree nor disagree,15838,YES,,68.168.211.40,,,,United States,US,,,2020-11-28T11:13:51-07:00,,,
25-35,11/28/2020 11:05,11/28/2020 11:15,IP Address,198.228.139.61,100,643,TRUE,11/28/2020 11:15,R_a4WiSVSWaI5HZXX,,,,,45.48170471,-122.4156036,anonymous,EN,0.9,Chrome,86.0.4240.198,Windows NT 6.3,1360x768,Male,,White/Caucasian,,Bachelor's degree or higher,Employed,Conservative,Yes,Somewhat agree,Somewhat agree,Neither agree nor disagree,Strongly agree,Neither agree nor disagree,47499,YES,,198.228.139.61,48075,Southfield,MI,United States,US,,,2020-11-28T11:15:44-07:00,,,
25-35,11/28/2020 11:06,11/28/2020 11:16,IP Address,69.117.190.55,100,559,TRUE,11/28/2020 11:16,R_1hygoUYw6Pi27NG,,,,,40.92410278,-74.51399994,anonymous,EN,0.9,Edge,84.0.522.52,Windows NT 10.0,1440x900,Male,,White/Caucasian,,Bachelor's degree or higher,Employed,Independent / Other,No,Strongly agree,Strongly agree,Somewhat agree,Strongly agree,Somewhat disagree,40307,NO,,69.117.190.55,7869,Randolph Township,NJ,United States,US,,,2020-11-28T11:16:15-07:00,,,
25-35,11/28/2020 11:08,11/28/2020 11:18,IP Address,24.149.69.33,100,628,TRUE,11/28/2020 11:18,R_8A2CCTVuT5zqV8t,,,,,36.98579407,-79.88279724,anonymous,EN,0.9,Chrome,87.0.4280.66,Windows NT 10.0,1280x720,Male,,White/Caucasian,,Some college,Employed,Independent / Other,Yes,Strongly agree,Strongly agree,Strongly agree,Strongly agree,Somewhat disagree,93795,YES,,24.149.69.33,24151,Rocky Mount,VA,United States,US,,,2020-11-28T11:18:44-07:00,,,
25-35,11/28/2020 11:11,11/28/2020 11:21,IP Address,172.58.71.60,100,618,TRUE,11/28/2020 11:21,R_PCjHh1GIQ2koU9z,,,,,36.12620544,-95.94080353,anonymous,EN,0.9,Chrome,86.0.4240.198,Windows NT 10.0,1536x864,Male,,White/Caucasian,,Bachelor's degree or higher,Employed,Conservative,Yes,Strongly agree,Strongly agree,Neither agree nor disagree,Strongly agree,Neither agree nor disagree,63170,YES,,172.58.71.60,74114,Tulsa,OK,United States,US,,,2020-11-28T11:21:39-07:00,,,
25-35,11/28/2020 11:05,11/28/2020 11:21,IP Address,196.17.66.145,100,1008,TRUE,11/28/2020 11:21,R_A1yWMVaKYZGPHGN,,,,,34.05439758,-118.2440033,anonymous,EN,0.9,Chrome,84.0.4147.125,Windows NT 10.0,1366x768,Female,,White/Caucasian,,Bachelor's degree or higher,Employed,Conservative,Yes,Somewhat agree,Somewhat agree,Strongly agree,Somewhat agree,Somewhat agree,88440,NO,,196.17.66.145,90009,Los Angeles,CA,United States,US,,,2020-11-28T11:21:55-07:00,,,
25-35,11/28/2020 11:13,11/28/2020 11:24,IP Address,24.125.21.166,100,653,TRUE,11/28/2020 11:24,R_2BszZGSXIscNI3S,,,,,34.28489685,-85.22530365,anonymous,EN,0.9,Chrome,86.0.4240.198,Windows NT 6.3,1366x768,Female,,White/Caucasian,,Bachelor's degree or higher,Employed,Conservative,Yes,Somewhat agree,Strongly agree,Somewhat agree,Neither agree nor disagree,Strongly agree,69209,NO,,24.125.21.166,30165,Rome,GA,United States,US,,,2020-11-28T11:24:09-07:00,,,
25-35,11/28/2020 11:00,11/28/2020 11:25,IP Address,99.101.100.7,100,1501,TRUE,11/28/2020 11:25,R_5nI8ZhSvY4bLT5D,,,,,35.04899597,-89.95189667,anonymous,EN,0.7,Chrome,87.0.4280.66,Windows NT 10.0,1366x768,Male,,White/Caucasian,,High school,Employed,Independent / Other,No,Somewhat agree,Strongly agree,Strongly agree,Somewhat agree,Somewhat disagree,16422,YES,,99.101.100.7,38141,Memphis,TN,United States,US,,,2020-11-28T11:25:25-07:00,,,
25-35,11/28/2020 11:12,11/28/2020 11:26,IP Address,198.228.81.185,100,838,TRUE,11/28/2020 11:26,R_2rT0dJjm1Tm93kF,,,,,37.75100708,-97.8219986,anonymous,EN,0.9,Chrome,86.0.4240.198,Windows NT 6.3,1364x768,Female,,White/Caucasian,,Bachelor's degree or higher,Employed,Conservative,Yes,Neither agree nor disagree,Neither agree nor disagree,Somewhat agree,Neither agree nor disagree,Neither agree nor disagree,93800,YES,,198.228.81.185,,,,United States,US,,,2020-11-28T11:26:29-07:00,,,
25-35,11/28/2020 11:23,11/28/2020 11:29,IP Address,99.62.37.8,100,382,TRUE,11/28/2020 11:29,R_1otojzcAT8Lotw7,,,,,39.78010559,-86.05570221,anonymous,EN,0.9,Edge,87.0.664.47,Windows NT 10.0,1600x900,Male,,White/Caucasian,,Some college,Employed,Conservative,Yes,Somewhat agree,Somewhat agree,Strongly agree,Strongly agree,Strongly disagree,31702,NO,,99.62.37.8,46219,Indianapolis,IN,United States,US,,,2020-11-28T11:29:58-07:00,,,
25-35,11/28/2020 11:26,11/28/2020 11:37,IP Address,196.17.66.252,100,655,TRUE,11/28/2020 11:37,R_Qh3ZFDOuH2M6A6t,,,,,34.05439758,-118.2440033,anonymous,EN,0.9,Chrome,86.0.4240.198,Windows NT 6.1,1366x768,Male,,White/Caucasian,,Bachelor's degree or higher,Employed,Conservative,Yes,Somewhat agree,Strongly agree,Somewhat agree,Strongly agree,Somewhat agree,99042,YES,,196.17.66.252,90009,Los Angeles,CA,United States,US,,,2020-11-28T11:37:48-07:00,,,
25-35,11/28/2020 11:28,11/28/2020 11:37,IP Address,174.138.179.181,100,564,TRUE,11/28/2020 11:37,R_2qfT8V1727T2AFk,,,,,40.706604,-74.20269775,anonymous,EN,0.9,Chrome,86.0.4240.198,Windows NT 10.0,1366x768,Male,,White/Caucasian,,Bachelor's degree or higher,Employed,Liberal,Yes,Somewhat agree,Strongly agree,Somewhat agree,Neither agree nor disagree,Somewhat agree,98996,NO,,174.138.179.181,,,NJ,United States,US,,,2020-11-28T11:37:49-07:00,,,
25-35,11/28/2020 11:34,11/28/2020 11:44,IP Address,73.232.207.163,100,600,TRUE,11/28/2020 11:44,R_Cf3b0hyvM6JELux,,,,,30.17070007,-95.50189972,anonymous,EN,0.9,Chrome,87.0.4280.67,Macintosh,1280x800,Female,,White/Caucasian,,Bachelor's degree or higher,Employed,Liberal,No,Strongly agree,Somewhat disagree,Strongly agree,Strongly agree,Somewhat disagree,56204,YES,,73.232.207.163,77382,Spring,TX,United States,US,,,2020-11-28T11:44:04-07:00,,,
25-35,11/28/2020 11:45,11/28/2020 11:46,IP Address,47.7.97.67,100,54,TRUE,11/28/2020 11:46,R_RrX64Mgir5Vs3Dz,,,,,30.54359436,-89.68959808,anonymous,EN,0.9,Chrome,86.0.4240.198,Windows NT 10.0,3440x1440,Male,,White/Caucasian,,Bachelor's degree or higher,Employed,Conservative,Yes,Strongly agree,Somewhat agree,Strongly agree,Neither agree nor disagree,Somewhat agree,93360,YES,,47.7.97.67,39466,Picayune,MS,United States,US,,,2020-11-28T11:46:21-07:00,,,
25-35,11/28/2020 11:50,11/28/2020 11:54,IP Address,73.147.12.248,100,222,TRUE,11/28/2020 11:54,R_pugyP51UV2yJRol,,,,,37.2696991,-81.22119904,anonymous,EN,0.9,Chrome,86.0.4240.198,Android 9,360x780,Female,,White/Caucasian,,Bachelor's degree or higher,Employed,Liberal,No,Strongly agree,Strongly agree,Somewhat agree,Strongly agree,Somewhat disagree,38346,NO,,73.147.12.248,24701,Bluefield,WV,United States,US,,,2020-11-28T11:54:11-07:00,,,
25-35,11/28/2020 11:53,11/28/2020 11:54,IP Address,47.203.93.90,100,77,TRUE,11/28/2020 11:54,R_DSv0t38U0NrcFDH,,,,,28.30220032,-82.62640381,anonymous,EN,0.7,Edge,84.0.522.52,Windows NT 10.0,2560x1080,Male,,White/Caucasian,,High school,Employed,Conservative,Yes,Strongly agree,Strongly agree,Neither agree nor disagree,Somewhat agree,Somewhat disagree,27234,YES,,47.203.93.90,34654,New Port Richey,FL,United States,US,,,2020-11-28T11:54:43-07:00,,,
25-35,11/28/2020 11:49,11/28/2020 11:58,IP Address,162.40.215.4,100,561,TRUE,11/28/2020 11:58,R_1gN12XkmCRKb7Pj,,,,,29.80969238,-82.46749878,anonymous,EN,0.7,Chrome,87.0.4280.66,Windows NT 6.1,1920x1080,Male,,White/Caucasian,,Bachelor's degree or higher,Employed,Liberal,No,Strongly agree,Somewhat disagree,Somewhat disagree,Neither agree nor disagree,Strongly disagree,70372,YES,,162.40.215.4,32615,Alachua,FL,United States,US,,,2020-11-28T11:58:34-07:00,,,
25-35,11/28/2020 12:00,11/28/2020 12:02,IP Address,38.68.52.11,100,153,TRUE,11/28/2020 12:02,R_1lsheWGWjxQ2raE,,,,,37.75100708,-97.8219986,anonymous,EN,0.7,Chrome,86.0.4240.198,Windows NT 10.0,1366x768,Male,,Black or African American,,Bachelor's degree or higher,Employed,Liberal,Yes,Strongly agree,Strongly agree,Strongly agree,Strongly agree,Strongly agree,96824,NO,,38.68.52.11,,,,United States,US,,,2020-11-28T12:02:58-07:00,,,
25-35,11/28/2020 11:18,11/28/2020 12:09,IP Address,71.125.74.233,100,3081,TRUE,11/28/2020 12:09,R_1K2194vPAg008y4,,,,,40.79379272,-74.4878006,anonymous,EN,0.9,Firefox,84,Windows NT 10.0,2560x1440,Male,,White/Caucasian,,Some college,Not Employed,Independent / Other,Yes,Strongly agree,Strongly agree,Strongly agree,Strongly agree,Strongly disagree,90258,NO,,71.125.74.233,7960,Morristown,NJ,United States,US,,,2020-11-28T12:09:55-07:00,,,
25-35,11/28/2020 12:00,11/28/2020 12:09,IP Address,108.4.94.198,100,549,TRUE,11/28/2020 12:09,R_2WBGdIZMNUXxu50,,,,,37.51469421,-77.50340271,anonymous,EN,0.9,Firefox,83,Windows NT 10.0,2732x1536,Male,,Hispanic/Latino,,Some college,Not Employed,Liberal,Yes,Somewhat agree,Strongly agree,Somewhat disagree,Strongly disagree,Neither agree nor disagree,58441,NO,,108.4.94.198,23225,Richmond,VA,United States,US,,,2020-11-28T12:09:57-07:00,,,
25-35,11/28/2020 12:00,11/28/2020 12:10,IP Address,69.10.49.135,100,628,TRUE,11/28/2020 12:10,R_1fjxDIZzYglkyxy,,,,,40.87770081,-73.90799713,anonymous,EN,0.9,Chrome,86.0.4240.198,Windows NT 10.0,1366x768,Male,,White/Caucasian,,Bachelor's degree or higher,Employed,Liberal,No,Somewhat agree,Strongly agree,Somewhat agree,Somewhat agree,Neither agree nor disagree,59031,YES,,69.10.49.135,7110,Nutley,NJ,United States,US,,,2020-11-28T12:10:54-07:00,,,
25-35,11/28/2020 12:02,11/28/2020 12:12,IP Address,72.42.155.134,100,571,TRUE,11/28/2020 12:12,R_2YhN2Rz9esoHMo3,,,,,61.20489502,-149.8096008,anonymous,EN,0.9,Chrome,87.0.4280.66,Windows NT 6.3,1364x768,Male,,Hispanic/Latino,,Bachelor's degree or higher,Employed,Conservative,Yes,Somewhat agree,Neither agree nor disagree,Somewhat agree,Neither agree nor disagree,Somewhat agree,58151,NO,,72.42.155.134,99508,Anchorage,AK,United States,US,,,2020-11-28T12:12:10-07:00,,,
25-35,11/28/2020 12:03,11/28/2020 12:18,IP Address,76.113.85.179,100,880,TRUE,11/28/2020 12:18,R_1f0DlLBxVVGm23a,,,,,35.1013031,-106.5246964,anonymous,EN,0.9,Chrome,87.0.4280.66,Windows NT 10.0,1920x1080,Male,,White/Caucasian,,Bachelor's degree or higher,Employed,Liberal,No,Somewhat agree,Somewhat agree,Strongly disagree,Neither agree nor disagree,Neither agree nor disagree,32286,YES,,76.113.85.179,87112,Albuquerque,NM,United States,US,,,2020-11-28T12:18:07-07:00,,,
25-35,11/28/2020 12:00,11/28/2020 12:19,IP Address,206.72.198.131,100,1108,TRUE,11/28/2020 12:19,R_3Rz9YfwB3JDZif8,,,,,37.75100708,-97.8219986,anonymous,EN,0.9,Chrome,86.0.4240.111,Windows NT 10.0,1366x768,Male,,White/Caucasian,,Bachelor's degree or higher,Employed,Liberal,Yes,Strongly agree,Strongly agree,Somewhat agree,Strongly agree,Somewhat agree,98246,YES,,206.72.198.131,501,Holtsville,NY,United States,US,,,2020-11-28T12:19:04-07:00,,,
25-35,11/28/2020 12:02,11/28/2020 12:19,IP Address,73.166.121.243,100,1041,TRUE,11/28/2020 12:19,R_ulfmxnowcYNnuJX,,,,,29.51829529,-95.09770203,anonymous,EN,0.9,Chrome,86.0.4240.75,Windows NT 6.3,1280x768,Male,,White/Caucasian,,Bachelor's degree or higher,Employed,Liberal,Yes,Strongly agree,Somewhat agree,Strongly agree,Neither agree nor disagree,Somewhat agree,70335,NO,,73.166.121.243,77573,League City,TX,United States,US,,,2020-11-28T12:19:41-07:00,,,
25-35,11/28/2020 12:10,11/28/2020 12:22,IP Address,72.14.119.2,100,767,TRUE,11/28/2020 12:22,R_2rq4TyC351teUew,,,,,48.70480347,-95.75039673,anonymous,EN,0.9,Chrome,87.0.4280.67,Macintosh,1280x800,Female,,White/Caucasian,,Some college,Employed,Independent / Other,Yes,Somewhat agree,Strongly agree,Somewhat agree,Strongly agree,Somewhat disagree,33436,NO,,72.14.119.2,56751,Roseau,MN,United States,US,,,2020-11-28T12:22:48-07:00,,,
25-35,11/28/2020 12:17,11/28/2020 12:30,IP Address,172.14.118.218,100,804,TRUE,11/28/2020 12:30,R_1MWXLzoEa5L3CWx,,,,,34.13699341,-118.2375946,anonymous,EN,0.9,Chrome,86.0.4240.198,Windows NT 10.0,1280x720,Female,,Asian,,Bachelor's degree or higher,Employed,Liberal,No,Somewhat agree,Neither agree nor disagree,Somewhat disagree,Neither agree nor disagree,Neither agree nor disagree,96050,YES,,172.14.118.218,91205,Glendale,CA,United States,US,,,2020-11-28T12:30:58-07:00,,,
25-35,11/28/2020 12:22,11/28/2020 12:33,IP Address,73.210.59.14,100,655,TRUE,11/28/2020 12:33,R_8BvgLxY3wwDb3nX,,,,,41.78919983,-88.26200104,anonymous,EN,0.9,Chrome,87.0.4280.66,Windows NT 6.3,1366x768,Female,,White/Caucasian,,Bachelor's degree or higher,Employed,Conservative,Yes,Strongly agree,Somewhat agree,Strongly agree,Neither agree nor disagree,Strongly agree,71845,NO,,73.210.59.14,60502,Aurora,IL,United States,US,,,2020-11-28T12:33:02-07:00,,,
25-35,11/28/2020 12:27,11/28/2020 12:36,IP Address,73.144.251.253,100,523,TRUE,11/28/2020 12:36,R_3p3IUZTymqu4LoH,,,,,42.92849731,-83.6332016,anonymous,EN,0.9,Chrome,87.0.4280.66,Windows NT 10.0,1920x1080,Female,,White/Caucasian,,Some college,Employed,Liberal,Yes,Strongly agree,Strongly agree,Somewhat agree,Strongly agree,Somewhat disagree,73169,NO,,73.144.251.253,48439,Grand Blanc,MI,United States,US,,,2020-11-28T12:36:14-07:00,,,
25-35,11/28/2020 12:31,11/28/2020 12:47,IP Address,76.122.55.158,100,953,TRUE,11/28/2020 12:47,R_1oFmHeAJixP4CMI,,,,,30.35110474,-81.5059967,anonymous,EN,0.3,Firefox,83,Windows NT 10.0,1366x768,Male,,White/Caucasian,,Bachelor's degree or higher,Employed,Liberal,Yes,Strongly agree,Somewhat agree,Strongly agree,Strongly agree,Strongly agree,47848,YES,,76.122.55.158,32225,Jacksonville,FL,United States,US,,,2020-11-28T12:47:33-07:00,,,
25-35,11/28/2020 12:41,11/28/2020 12:51,IP Address,66.24.11.166,100,616,TRUE,11/28/2020 12:51,R_3KIUmV2PJrHhGr5,,,,,42.18159485,-76.82949829,anonymous,EN,0.7,Chrome,86.0.4240.198,Windows NT 10.0,1536x864,Male,,White/Caucasian,,Bachelor's degree or higher,Employed,Conservative,No,Somewhat agree,Somewhat agree,Somewhat agree,Somewhat agree,Somewhat disagree,58571,YES,,66.24.11.166,14845,Horseheads,NY,United States,US,,,2020-11-28T12:51:28-07:00,,,
25-35,11/28/2020 12:09,11/28/2020 13:03,IP Address,207.244.89.162,100,3216,TRUE,11/28/2020 13:03,R_2zdRwdhNF4PCXbH,,,,,37.75100708,-97.8219986,anonymous,EN,0.7,Chrome,87.0.4280.66,Windows NT 10.0,1280x800,Male,,Black or African American,,Bachelor's degree or higher,Employed,Liberal,Yes,Neither agree nor disagree,Somewhat agree,Somewhat agree,Somewhat disagree,Somewhat disagree,74847,NO,,207.244.89.162,,,,United States,US,,,2020-11-28T13:03:05-07:00,,,
25-35,11/28/2020 13:00,11/28/2020 13:11,IP Address,72.190.198.47,100,645,TRUE,11/28/2020 13:11,R_2E4A3QGl4En2ifm,,,,,29.55929565,-97.96309662,anonymous,EN,0.9,Chrome,86.0.4240.183,Windows NT 10.0,1366x768,Male,,Black or African American,,Bachelor's degree or higher,Employed,Conservative,Yes,Strongly agree,Strongly agree,Somewhat agree,Strongly agree,Somewhat agree,74826,NO,,72.190.198.47,78155,Seguin,TX,United States,US,,,2020-11-28T13:11:35-07:00,,,
25-35,11/28/2020 13:49,11/28/2020 14:06,IP Address,67.191.145.76,100,1023,TRUE,11/28/2020 14:06,R_1mRCIBzApIB9dX6,,,,,34.23190308,-84.16269684,anonymous,EN,0.9,Chrome,87.0.4280.66,Windows NT 10.0,1536x864,Male,,White/Caucasian,,Bachelor's degree or higher,Employed,Liberal,Yes,Strongly agree,Somewhat agree,Strongly agree,Strongly agree,Strongly agree,47478,YES,,67.191.145.76,30040,Cumming,GA,United States,US,,,2020-11-28T14:06:03-07:00,,,
25-35,11/28/2020 15:03,11/28/2020 15:17,IP Address,172.114.169.143,100,795,TRUE,11/28/2020 15:17,R_22J2nnJPT6N0H5I,,,,,34.02510071,-118.1556015,anonymous,EN,0.9,Chrome,87.0.4280.66,Windows NT 10.0,1920x1080,Male,,Hispanic/Latino,,Bachelor's degree or higher,Employed,Liberal,Yes,Strongly agree,Strongly agree,Somewhat disagree,Somewhat agree,Strongly disagree,89663,NO,,172.114.169.143,90022,Los Angeles,CA,United States,US,,,2020-11-28T15:17:13-07:00,,,
35-45,11/28/2020 11:02,11/28/2020 11:08,IP Address,158.51.102.59,100,357,TRUE,11/28/2020 11:08,R_tQzTNDAPG7MVdAJ,,,,,38.70739746,-117.0652008,anonymous,EN,0.9,Chrome,86.0.4240.198,Windows NT 10.0,1280x768,Female,,White/Caucasian,,Bachelor's degree or higher,Employed,Conservative,Yes,Somewhat agree,Somewhat agree,Neither agree nor disagree,Somewhat agree,Somewhat agree,77635,YES,,158.51.102.59,89045,Round Mountain,NV,United States,US,,,2020-11-28T11:08:39-07:00,,,
35-45,11/28/2020 11:01,11/28/2020 11:11,IP Address,174.28.224.48,100,586,TRUE,11/28/2020 11:11,R_22YcpGvH4nspigF,,,,,35.17590332,-106.6015015,anonymous,EN,0.9,Chrome,87.0.4280.66,Windows NT 10.0,1440x900,Male,,White/Caucasian,,Some college,Employed,Liberal,Yes,Strongly agree,Somewhat agree,Strongly agree,Somewhat agree,Strongly disagree,45022,NO,,174.28.224.48,87113,Albuquerque,NM,United States,US,,,2020-11-28T11:11:17-07:00,,,
35-45,11/28/2020 11:02,11/28/2020 11:11,IP Address,108.64.75.194,100,558,TRUE,11/28/2020 11:11,R_a5AvNYTeCCQBXYB,,,,,38.06629944,-122.1654968,anonymous,EN,0.9,Chrome,86.0.4240.111,Windows NT 10.0,3440x1440,Female,,White/Caucasian,,Bachelor's degree or higher,Employed,Liberal,No,Strongly agree,Somewhat agree,Somewhat agree,Somewhat agree,Somewhat agree,61290,YES,,108.64.75.194,94510,Benicia,CA,United States,US,,,2020-11-28T11:11:48-07:00,,,
35-45,11/28/2020 11:02,11/28/2020 11:12,IP Address,99.73.19.51,100,588,TRUE,11/28/2020 11:12,R_2dNjBNLa9U3RcYm,,,,,34.0296936,-84.14689636,anonymous,EN,0.9,Chrome,86.0.4240.198,Windows NT 6.3,1366x768,Male,,Black or African American,,Bachelor's degree or higher,Employed,Liberal,No,Neither agree nor disagree,Strongly agree,Somewhat agree,Somewhat agree,Strongly agree,36147,NO,,99.73.19.51,30097,Duluth,GA,United States,US,,,2020-11-28T11:12:04-07:00,,,
35-45,11/28/2020 11:01,11/28/2020 11:12,IP Address,174.27.142.199,100,620,TRUE,11/28/2020 11:12,R_11daF9sPWlJVKJ4,,,,,43.63389587,-116.2942047,anonymous,EN,0.9,Chrome,87.0.4280.66,Windows NT 10.0,1920x1080,Male,,White/Caucasian,,Bachelor's degree or higher,Employed,Liberal,Yes,Neither agree nor disagree,Strongly agree,Strongly agree,Strongly agree,Neither agree nor disagree,91182,YES,,174.27.142.199,83646,Meridian,ID,United States,US,,,2020-11-28T11:12:04-07:00,,,
35-45,11/28/2020 11:05,11/28/2020 11:12,IP Address,73.206.189.188,100,398,TRUE,11/28/2020 11:12,R_3JxX5CFGBcVupgj,,,,,29.82839966,-95.46959686,anonymous,EN,,Chrome,84.0.4147.135,Windows NT 6.3,1366x768,Female,,White/Caucasian,,Bachelor's degree or higher,Employed,Conservative,Yes,Strongly agree,Strongly agree,Somewhat agree,Strongly agree,Somewhat agree,72043,YES,,73.206.189.188,77092,Houston,TX,United States,US,,,2020-11-28T11:12:25-07:00,,,
35-45,11/28/2020 11:03,11/28/2020 11:12,IP Address,184.55.148.246,100,547,TRUE,11/28/2020 11:12,R_uwt0jDQLcsWr0zL,,,,,44.18069458,-88.47599792,anonymous,EN,0.9,Chrome,86.0.4240.198,Windows NT 10.0,1920x1080,Male,,Asian,,Bachelor's degree or higher,Employed,Independent / Other,No,Strongly agree,Somewhat agree,Somewhat disagree,Neither agree nor disagree,Somewhat agree,80573,NO,,184.55.148.246,54956,Neenah,WI,United States,US,,,2020-11-28T11:12:54-07:00,,,
35-45,11/28/2020 11:03,11/28/2020 11:13,IP Address,184.166.91.72,100,557,TRUE,11/28/2020 11:13,R_1lgDriloHvbRwlo,,,,,46.85220337,-114.0214005,anonymous,EN,0.9,Chrome,86.0.4240.111,Windows NT 10.0,1366x768,Male,,White/Caucasian,,High school,Employed,Liberal,Yes,Strongly agree,Strongly agree,Somewhat disagree,Neither agree nor disagree,Somewhat agree,79459,YES,,184.166.91.72,59801,Missoula,MT,United States,US,,,2020-11-28T11:13:00-07:00,,,
35-45,11/28/2020 11:06,11/28/2020 11:13,IP Address,73.34.244.175,100,421,TRUE,11/28/2020 11:13,R_3r1yp8PjsXpHOO7,,,,,39.58920288,-105.1359024,anonymous,EN,0.9,Chrome,84.0.4147.125,Windows NT 6.3,1366x768,Female,,White/Caucasian,,Bachelor's degree or higher,Employed,Conservative,Yes,Somewhat agree,Strongly agree,Somewhat agree,Strongly agree,Somewhat agree,55800,NO,,73.34.244.175,80127,Littleton,CO,United States,US,,,2020-11-28T11:13:19-07:00,,,
35-45,11/28/2020 11:02,11/28/2020 11:13,IP Address,108.77.167.205,100,667,TRUE,11/28/2020 11:13,R_2Tq0WfbFlUxLSsi,,,,,34.03889465,-84.38259888,anonymous,EN,0.9,Chrome,86.0.4240.198,Windows NT 10.0,1280x720,Male,,White/Caucasian,,Bachelor's degree or higher,Employed,Conservative,Yes,Somewhat agree,Somewhat agree,Somewhat agree,Somewhat disagree,Somewhat agree,29929,YES,,108.77.167.205,30075,Roswell,GA,United States,US,,,2020-11-28T11:13:20-07:00,,,
35-45,11/28/2020 11:01,11/28/2020 11:13,IP Address,76.178.46.134,100,725,TRUE,11/28/2020 11:13,R_2waDnklVlQgBFMF,,,,,33.95489502,-117.6414032,anonymous,EN,0.9,Chrome,86.0.4240.198,CrOS x86_64 13421.99.0,1241x698,Male,,White/Caucasian,,Bachelor's degree or higher,Employed,Conservative,Yes,Strongly agree,Somewhat disagree,Strongly agree,Strongly agree,Strongly disagree,77291,NO,,76.178.46.134,91708,Chino,CA,United States,US,,,2020-11-28T11:13:24-07:00,,,
35-45,11/28/2020 11:02,11/28/2020 11:14,IP Address,74.138.104.48,100,670,TRUE,11/28/2020 11:14,R_pfmnAN4LJIMWsHD,,,,,38.01519775,-84.48940277,anonymous,EN,0.7,Chrome,84.0.4147.135,Windows NT 6.3,1093x615,Female,,White/Caucasian,,Bachelor's degree or higher,Employed,Liberal,Yes,Somewhat agree,Strongly agree,Somewhat agree,Somewhat agree,Somewhat agree,23855,NO,,74.138.104.48,40502,Lexington,KY,United States,US,,,2020-11-28T11:14:09-07:00,,,
35-45,11/28/2020 11:02,11/28/2020 11:14,IP Address,24.255.55.173,100,744,TRUE,11/28/2020 11:14,R_1g6FiwQF5fxoGjA,,,,,32.89460754,-111.7492981,anonymous,EN,0.9,Chrome,87.0.4280.66,Windows NT 6.1,1366x768,Male,,White/Caucasian,,Bachelor's degree or higher,Employed,Conservative,Yes,Somewhat agree,Strongly agree,Strongly agree,Somewhat agree,Strongly agree,45910,YES,,24.255.55.173,85122,Casa Grande,AZ,United States,US,,,2020-11-28T11:14:35-07:00,,,
35-45,11/28/2020 11:01,11/28/2020 11:15,IP Address,104.244.145.206,100,829,TRUE,11/28/2020 11:15,R_2QEOOMmT39WtdkS,,,,,32.14430237,-85.71489716,anonymous,EN,0.9,Chrome,87.0.4280.66,Windows NT 10.0,1920x1080,Female,,Black or African American,,High school,Not Employed,Independent / Other,No,Strongly agree,Strongly disagree,Somewhat agree,Somewhat disagree,Strongly agree,40187,YES,,104.244.145.206,36089,Union Springs,AL,United States,US,,,2020-11-28T11:15:23-07:00,,,
35-45,11/28/2020 11:01,11/28/2020 11:15,IP Address,172.11.220.144,100,851,TRUE,11/28/2020 11:15,R_2anxNVVfWLS9caJ,,,,,39.64379883,-84.17430115,anonymous,EN,0.9,Firefox,82,Windows NT 6.1,1280x720,Male,,White/Caucasian,,Bachelor's degree or higher,Employed,Independent / Other,No,Neither agree nor disagree,Strongly disagree,Neither agree nor disagree,Neither agree nor disagree,Neither agree nor disagree,54020,YES,,172.11.220.144,45459,Dayton,OH,United States,US,,,2020-11-28T11:15:39-07:00,,,
35-45,11/28/2020 11:02,11/28/2020 11:16,IP Address,72.192.82.130,100,836,TRUE,11/28/2020 11:16,R_3MMDujdLml10oov,,,,,36.28619385,-95.8227005,anonymous,EN,0.9,Chrome,87.0.4280.66,Windows NT 6.3,1366x768,Male,,Black or African American,,Bachelor's degree or higher,Employed,Conservative,No,Strongly agree,Strongly agree,Somewhat agree,Somewhat agree,Strongly agree,11094,NO,,72.192.82.130,74055,Owasso,OK,United States,US,,,2020-11-28T11:16:06-07:00,,,
35-45,11/28/2020 11:04,11/28/2020 11:16,IP Address,72.17.88.3,100,720,TRUE,11/28/2020 11:16,R_1itExM0xRKJEEAy,,,,,28.62249756,-81.43170166,anonymous,EN,0.9,Chrome,87.0.4280.66,Windows NT 6.1,1600x900,Male,,White/Caucasian,,Bachelor's degree or higher,Employed,Liberal,No,Strongly agree,Strongly agree,Strongly agree,Strongly agree,Neither agree nor disagree,16474,NO,,72.17.88.3,32810,Orlando,FL,United States,US,,,2020-11-28T11:16:41-07:00,,,
35-45,11/28/2020 11:08,11/28/2020 11:18,IP Address,67.11.170.33,100,582,TRUE,11/28/2020 11:18,R_1gLNIPgHNfjYxu9,,,,,29.52099609,-98.36199951,anonymous,EN,0.9,Chrome,86.0.4240.198,Windows NT 10.0,1600x900,Male,,Hispanic/Latino,,Bachelor's degree or higher,Employed,Conservative,Yes,Neither agree nor disagree,Somewhat agree,Somewhat agree,Somewhat agree,Strongly disagree,48787,NO,,67.11.170.33,78239,San Antonio,TX,United States,US,,,2020-11-28T11:18:07-07:00,,,
35-45,11/28/2020 11:03,11/28/2020 11:18,IP Address,71.245.180.201,100,927,TRUE,11/28/2020 11:18,R_1Ii3oo9oEqr9MDj,,,,,40.40330505,-80.18419647,anonymous,EN,0.9,Chrome,84.0.4147.125,Windows NT 6.3,1366x768,Male,,Black or African American,,Bachelor's degree or higher,Employed,Liberal,No,Strongly agree,Somewhat agree,Strongly agree,Somewhat agree,Strongly agree,87007,YES,,71.245.180.201,15136,Pittsburgh,PA,United States,US,,,2020-11-28T11:18:38-07:00,,,
35-45,11/28/2020 11:09,11/28/2020 11:18,IP Address,100.6.7.195,100,554,TRUE,11/28/2020 11:18,R_31MDDEhEe0so6eT,,,,,40.43249512,-79.86299896,anonymous,EN,0.9,Chrome,87.0.4280.67,Macintosh,1680x1050,Female,,White/Caucasian,,Bachelor's degree or higher,Employed,Liberal,Yes,Strongly agree,Somewhat agree,Somewhat agree,Strongly agree,Strongly disagree,99426,NO,,100.6.7.195,15221,Pittsburgh,PA,United States,US,,,2020-11-28T11:18:56-07:00,,,
35-45,11/28/2020 11:11,11/28/2020 11:20,IP Address,70.172.187.42,100,551,TRUE,11/28/2020 11:20,R_2zUXbKgCZWEWHv2,,,,,41.51899719,-71.16200256,anonymous,EN,0.9,Chrome,86.0.4240.198,Windows NT 10.0,1536x864,Female,,White/Caucasian,,High school,Employed,Liberal,Yes,Somewhat agree,Strongly disagree,Strongly agree,Somewhat agree,Strongly disagree,32489,YES,,70.172.187.42,2837,Little Compton,RI,United States,US,,,2020-11-28T11:20:24-07:00,,,
35-45,11/28/2020 11:11,11/28/2020 11:20,IP Address,45.36.143.166,100,533,TRUE,11/28/2020 11:20,R_2b1V9laDjkSB1Hv,,,,,36.14300537,-80.30729675,anonymous,EN,0.3,Chrome,87.0.4280.66,Windows NT 10.0,1920x1080,Male,,White/Caucasian,,Bachelor's degree or higher,Employed,Independent / Other,No,Somewhat agree,Somewhat disagree,Somewhat agree,Neither agree nor disagree,Neither agree nor disagree,28882,NO,,45.36.143.166,27106,Winston-Salem,NC,United States,US,,,2020-11-28T11:20:51-07:00,,,
35-45,11/28/2020 11:11,11/28/2020 11:23,IP Address,69.143.116.11,100,771,TRUE,11/28/2020 11:23,R_1CC76ygFu1SbIul,,,,,38.99940491,-77.03359985,anonymous,EN,0.9,Chrome,85.0.4183.121,Windows NT 10.0,1600x900,Female,,Hispanic/Latino,,Bachelor's degree or higher,Employed,Conservative,Yes,Strongly agree,Strongly agree,Somewhat agree,Strongly agree,Strongly agree,31576,NO,,69.143.116.11,20901,Silver Spring,MD,United States,US,,,2020-11-28T11:23:53-07:00,,,
35-45,11/28/2020 11:13,11/28/2020 11:24,IP Address,99.40.165.92,100,633,TRUE,11/28/2020 11:24,R_1K3X94y3d8oDBvS,,,,,28.91070557,-81.1957016,anonymous,EN,0.9,Chrome,86.0.4240.198,Windows NT 10.0,1366x768,Female,,White/Caucasian,,High school,Employed,Conservative,Yes,Strongly agree,Somewhat agree,Somewhat disagree,Somewhat agree,Somewhat disagree,50332,YES,,99.40.165.92,32738,Deltona,FL,United States,US,,,2020-11-28T11:24:04-07:00,,,
35-45,11/28/2020 11:13,11/28/2020 11:24,IP Address,70.171.78.23,100,645,TRUE,11/28/2020 11:24,R_2WMEvB2kXrXLGNl,,,,,30.00390625,-90.12290192,anonymous,EN,0.9,Chrome,86.0.4240.198,Windows NT 6.3,1366x768,Male,,White/Caucasian,,Bachelor's degree or higher,Employed,Conservative,Yes,Somewhat agree,Neither agree nor disagree,Somewhat agree,Neither agree nor disagree,Somewhat agree,54418,YES,,70.171.78.23,70001,Metairie,LA,United States,US,,,2020-11-28T11:24:40-07:00,,,
35-45,11/28/2020 11:15,11/28/2020 11:24,IP Address,47.16.153.114,100,583,TRUE,11/28/2020 11:24,R_2YMo5kNjEhgZhHK,,,,,40.8822937,-74.21520233,anonymous,EN,0.9,Chrome,87.0.4280.66,Windows NT 10.0,1920x1080,Female,,White/Caucasian,,Bachelor's degree or higher,Employed,Liberal,Yes,Strongly agree,Somewhat agree,Somewhat disagree,Somewhat agree,Neither agree nor disagree,42324,YES,,47.16.153.114,7424,Little Falls,NJ,United States,US,,,2020-11-28T11:24:53-07:00,,,
35-45,11/28/2020 11:13,11/28/2020 11:25,IP Address,107.242.117.49,100,706,TRUE,11/28/2020 11:25,R_XYgR6cIXJFTNvuF,,,,,40.83120728,-73.90670013,anonymous,EN,0.9,Firefox,82,Windows NT 10.0,1920x1080,Male,,White/Caucasian,,Some college,Not Employed,Independent / Other,No,Strongly agree,Somewhat disagree,Neither agree nor disagree,Strongly agree,Somewhat agree,14715,NO,,107.242.117.49,10456,The Bronx,NY,United States,US,,,2020-11-28T11:25:34-07:00,,,
35-45,11/28/2020 11:15,11/28/2020 11:26,IP Address,108.219.50.209,100,614,TRUE,11/28/2020 11:26,R_1gjcpQcpGkhBSYN,,,,,39.0151062,-95.64019775,anonymous,EN,0.9,Chrome,87.0.4280.66,Windows NT 10.0,1920x1080,Female,,Other,multiracial,Bachelor's degree or higher,Employed,Conservative,Yes,Neither agree nor disagree,Neither agree nor disagree,Somewhat disagree,Somewhat agree,Somewhat disagree,36879,NO,,108.219.50.209,66609,Topeka,KS,United States,US,,,2020-11-28T11:26:07-07:00,,,
35-45,11/28/2020 11:07,11/28/2020 11:26,IP Address,196.17.66.49,100,1120,TRUE,11/28/2020 11:26,R_1KwBU5aQql99z3E,,,,,34.05439758,-118.2440033,anonymous,EN,,Chrome,86.0.4240.198,Windows NT 6.1,1024x600,Female,,White/Caucasian,,Bachelor's degree or higher,Employed,Conservative,Yes,Somewhat agree,Strongly agree,Somewhat disagree,Somewhat agree,Somewhat agree,76796,NO,,196.17.66.49,90009,Los Angeles,CA,United States,US,,,2020-11-28T11:26:10-07:00,,,
35-45,11/28/2020 11:19,11/28/2020 11:29,IP Address,67.190.14.97,100,566,TRUE,11/28/2020 11:29,R_2Y8FT7sxFQV7wxS,,,,,38.38699341,-104.7791977,anonymous,EN,0.9,Chrome,87.0.4280.66,Windows NT 10.0,1366x768,Female,,White/Caucasian,,Bachelor's degree or higher,Employed,Liberal,No,Somewhat agree,Somewhat agree,Strongly agree,Strongly agree,Somewhat disagree,86259,YES,,67.190.14.97,81003,Pueblo,CO,United States,US,,,2020-11-28T11:29:25-07:00,,,
35-45,11/28/2020 11:26,11/28/2020 11:35,IP Address,165.225.39.88,100,527,TRUE,11/28/2020 11:35,R_R32BxesLJMigdAB,,,,,40.76519775,-73.95880127,anonymous,EN,0.9,Chrome,86.0.4240.75,Windows NT 10.0,1920x1080,Male,,Asian,,Bachelor's degree or higher,Employed,Liberal,No,Somewhat agree,Somewhat agree,Somewhat agree,Somewhat agree,Somewhat disagree,84926,NO,,165.225.39.88,10003,New York,NY,United States,US,,,2020-11-28T11:35:14-07:00,,,
35-45,11/28/2020 11:36,11/28/2020 11:46,IP Address,97.71.158.163,100,603,TRUE,11/28/2020 11:46,R_1eY2iqcwYdwho2s,,,,,28.25309753,-81.65090179,anonymous,EN,0.9,Chrome,86.0.4240.198,Windows NT 10.0,1368x912,Male,,Black or African American,,Some college,Employed,Conservative,Yes,Strongly agree,Somewhat agree,Somewhat agree,Strongly agree,Somewhat agree,17798,YES,,97.71.158.163,33896,Davenport,FL,United States,US,,,2020-11-28T11:46:17-07:00,,,
35-45,11/28/2020 11:36,11/28/2020 11:47,IP Address,67.245.112.210,100,649,TRUE,11/28/2020 11:47,R_3MtByiotfQfPRzM,,,,,40.78520203,-73.80979919,anonymous,EN,0.9,Chrome,86.0.4240.193,Windows NT 10.0,1366x768,Female,,White/Caucasian,,Bachelor's degree or higher,Employed,Liberal,No,Somewhat agree,Somewhat agree,Somewhat agree,Somewhat agree,Somewhat disagree,20788,NO,,67.245.112.210,11355,Queens,NY,United States,US,,,2020-11-28T11:47:27-07:00,,,
35-45,11/28/2020 11:41,11/28/2020 11:47,IP Address,73.14.3.138,100,364,TRUE,11/28/2020 11:47,R_2vkXS9BqX7V8tZr,,,,,39.19650269,-106.8228989,anonymous,EN,0.9,Chrome,87.0.4280.66,Windows NT 6.3,1093x615,Male,,White/Caucasian,,Bachelor's degree or higher,Employed,Liberal,Yes,Strongly agree,Strongly agree,Somewhat agree,Strongly agree,Somewhat agree,98337,YES,,73.14.3.138,81611,Aspen,CO,United States,US,,,2020-11-28T11:47:55-07:00,,,
35-45,11/28/2020 11:36,11/28/2020 11:48,IP Address,98.214.234.47,100,689,TRUE,11/28/2020 11:48,R_2TMHgy6LyISYJnT,,,,,39.86160278,-88.9355011,anonymous,EN,0.9,Edge,84.0.522.52,Windows NT 10.0,1920x1080,Male,,White/Caucasian,,High school,Employed,Liberal,No,Somewhat disagree,Strongly agree,Strongly agree,Strongly agree,Strongly disagree,31746,YES,,98.214.234.47,62526,Decatur,IL,United States,US,,,2020-11-28T11:48:13-07:00,,,
35-45,11/28/2020 11:48,11/28/2020 11:57,IP Address,67.163.202.164,100,533,TRUE,11/28/2020 11:57,R_OvB9SXXbqgwP6ZH,,,,,39.6519928,-79.94439697,anonymous,EN,0.9,Chrome,86.0.4240.198,Windows NT 10.0,1600x900,Female,,White/Caucasian,,Bachelor's degree or higher,Not Employed,Conservative,No,Somewhat agree,Strongly agree,Strongly agree,Strongly agree,Strongly disagree,27788,NO,,67.163.202.164,26505,Morgantown,WV,United States,US,,,2020-11-28T11:57:18-07:00,,,
35-45,11/28/2020 11:47,11/28/2020 11:58,IP Address,108.250.141.196,100,668,TRUE,11/28/2020 11:58,R_1jVy8jxe05bJqRY,,,,,37.16799927,-93.30390167,anonymous,EN,0.9,Chrome,86.0.4240.198,CrOS x86_64 13421.99.0,1366x768,Male,,White/Caucasian,,High school,Employed,Liberal,Yes,Strongly agree,Strongly agree,Somewhat agree,Strongly agree,Somewhat disagree,25294,NO,,108.250.141.196,65807,Springfield,MO,United States,US,,,2020-11-28T11:58:34-07:00,,,
35-45,11/28/2020 12:07,11/28/2020 12:10,IP Address,24.208.188.198,100,215,TRUE,11/28/2020 12:10,R_2h1FNXe7uNMA2jf,,,,,40.74159241,-84.15219879,anonymous,EN,0.9,Chrome,86.0.4240.198,Windows NT 10.0,1920x1080,Male,,White/Caucasian,,Some college,Employed,Conservative,Yes,Strongly agree,Strongly agree,Somewhat agree,Strongly agree,Strongly disagree,36055,YES,,24.208.188.198,45805,Lima,OH,United States,US,,,2020-11-28T12:10:45-07:00,,,
35-45,11/28/2020 12:26,11/28/2020 12:35,IP Address,162.199.164.185,100,544,TRUE,11/28/2020 12:35,R_wRD7yULxjNRn1rH,,,,,33.19760132,-96.61779785,anonymous,EN,0.9,Chrome,86.0.4240.198,Windows NT 10.0,1536x864,Male,,Hispanic/Latino,,Bachelor's degree or higher,Employed,Liberal,Yes,Somewhat agree,Somewhat agree,Strongly agree,Somewhat agree,Somewhat disagree,71440,NO,,162.199.164.185,75069,McKinney,TX,United States,US,,,2020-11-28T12:35:27-07:00,,,
35-45,11/28/2020 12:18,11/28/2020 12:36,IP Address,174.105.231.60,100,1057,TRUE,11/28/2020 12:36,R_yUTQ3Z6qImGI6MV,,,,,39.12640381,-83.00489807,anonymous,EN,0.9,Chrome,86.0.4240.183,Windows NT 6.3,1093x615,Male,,White/Caucasian,,Bachelor's degree or higher,Employed,Liberal,Yes,Strongly agree,Strongly agree,Strongly agree,Strongly agree,Strongly agree,97130,YES,,174.105.231.60,45690,Waverly,OH,United States,US,,,2020-11-28T12:36:23-07:00,,,
35-45,11/28/2020 12:31,11/28/2020 12:40,IP Address,72.15.104.170,100,536,TRUE,11/28/2020 12:40,R_RePvE7OWKviO8pj,,,,,40.02330017,-83.08589935,anonymous,EN,0.9,Chrome,86.0.4240.198,Windows NT 10.0,1600x900,Male,,White/Caucasian,,Bachelor's degree or higher,Employed,Independent / Other,Yes,Somewhat agree,Somewhat agree,Somewhat agree,Strongly agree,Somewhat disagree,15838,NO,,72.15.104.170,43221,Columbus,OH,United States,US,,,2020-11-28T12:40:38-07:00,,,
35-45,11/28/2020 13:04,11/28/2020 13:19,IP Address,75.132.176.211,100,952,TRUE,11/28/2020 13:19,R_31LroRjFwgXm6yl,,,,,38.68310547,-89.98419952,anonymous,EN,0.9,Chrome,87.0.4280.66,Windows NT 10.0,1536x864,Female,,White/Caucasian,,Bachelor's degree or higher,Employed,Conservative,Yes,Somewhat agree,Somewhat disagree,Somewhat agree,Strongly agree,Somewhat disagree,97235,YES,,75.132.176.211,62269,O'Fallon,IL,United States,US,,,2020-11-28T13:19:56-07:00,,,
35-45,11/28/2020 13:11,11/28/2020 13:21,IP Address,45.36.240.171,100,567,TRUE,11/28/2020 13:21,R_DTyl2wqk7JoSDIZ,,,,,36.021698,-79.7838974,anonymous,EN,0.9,Chrome,86.0.4240.111,Macintosh,1920x1080,Female,,White/Caucasian,,High school,Not Employed,Liberal,No,Strongly agree,Somewhat disagree,Strongly disagree,Strongly agree,Somewhat agree,53828,NO,,45.36.240.171,27406,Greensboro,NC,United States,US,,,2020-11-28T13:21:11-07:00,,,
45-55,11/28/2020 11:06,11/28/2020 11:09,IP Address,23.242.230.229,100,210,TRUE,11/28/2020 11:09,R_2QXNDX6JrcyS6cZ,,,,,33.873703,-118.2360001,anonymous,EN,0.9,Firefox,82,Windows NT 6.1,1366x768,Male,,White/Caucasian,,Bachelor's degree or higher,Employed,Conservative,Yes,Somewhat agree,Strongly agree,Somewhat agree,Strongly agree,Somewhat agree,58032,NO,,23.242.230.229,90220,Compton,CA,United States,US,,,2020-11-28T11:09:32-07:00,,,
45-55,11/28/2020 11:04,11/28/2020 11:09,IP Address,72.204.38.125,100,307,TRUE,11/28/2020 11:09,R_udYUNIgsn3totax,,,,,36.17379761,-94.04660034,anonymous,EN,0.9,Chrome,86.0.4240.198,Windows NT 6.3,1024x768,Female,,Hispanic/Latino,,Bachelor's degree or higher,Employed,Liberal,Yes,Strongly agree,Somewhat agree,Strongly agree,Strongly agree,Neither agree nor disagree,87510,YES,,72.204.38.125,72764,Springdale,AR,United States,US,,,2020-11-28T11:09:34-07:00,,,
45-55,11/28/2020 11:02,11/28/2020 11:09,IP Address,71.220.176.252,100,431,TRUE,11/28/2020 11:09,R_3oZ0QA35EoWPiK5,,,,,30.456604,-84.32230377,anonymous,EN,0.7,Chrome,87.0.4280.66,Windows NT 10.0,1440x900,Female,,White/Caucasian,,Bachelor's degree or higher,Employed,Conservative,Yes,Strongly agree,Somewhat agree,Neither agree nor disagree,Strongly agree,Neither agree nor disagree,33137,NO,,71.220.176.252,32304,Tallahassee,FL,United States,US,,,2020-11-28T11:09:47-07:00,,,
45-55,11/28/2020 11:02,11/28/2020 11:10,IP Address,72.185.190.207,100,503,TRUE,11/28/2020 11:10,R_1d63cs0HIhrumGI,,,,,28.24020386,-82.69999695,anonymous,EN,0.9,Chrome,87.0.4280.66,Windows NT 10.0,1080x1920,Male,,White/Caucasian,,Bachelor's degree or higher,Employed,Conservative,Yes,Somewhat agree,Somewhat disagree,Neither agree nor disagree,Neither agree nor disagree,Somewhat agree,89072,YES,,72.185.190.207,34653,New Port Richey,FL,United States,US,,,2020-11-28T11:10:45-07:00,,,
45-55,11/28/2020 11:03,11/28/2020 11:11,IP Address,75.85.96.199,100,491,TRUE,11/28/2020 11:11,R_XYOCdjW8JnQ7AD7,,,,,21.43370056,-158.1766968,anonymous,EN,0.9,Chrome,86.0.4240.198,Windows NT 6.3,1366x768,Male,,White/Caucasian,,Bachelor's degree or higher,Employed,Liberal,Yes,Somewhat agree,Strongly agree,Somewhat agree,Somewhat agree,Strongly agree,64947,YES,,75.85.96.199,96792,Waianae,HI,United States,US,,,2020-11-28T11:11:15-07:00,,,
45-55,11/28/2020 11:02,11/28/2020 11:11,IP Address,136.29.7.209,100,531,TRUE,11/28/2020 11:11,R_1E0wloykGAfwewh,,,,,39.72770691,-104.9814987,anonymous,EN,0.9,Chrome,86.0.4240.198,Macintosh,1024x640,Female,,Asian,,Bachelor's degree or higher,Employed,Independent / Other,Yes,Strongly agree,Strongly agree,Strongly agree,Strongly agree,Strongly agree,19932,YES,,136.29.7.209,80203,Denver,CO,United States,US,,,2020-11-28T11:11:16-07:00,,,
45-55,11/28/2020 11:03,11/28/2020 11:12,IP Address,72.132.148.59,100,561,TRUE,11/28/2020 11:12,R_1iteDcBbOP4t1Q2,,,,,33.92419434,-116.8853989,anonymous,EN,0.7,Chrome,87.0.4280.66,Windows NT 10.0,1600x900,Male,,White/Caucasian,,Bachelor's degree or higher,Employed,Conservative,Yes,Strongly agree,Strongly agree,Somewhat agree,Strongly agree,Somewhat disagree,53819,YES,,72.132.148.59,92220,Banning,CA,United States,US,,,2020-11-28T11:12:32-07:00,,,
45-55,11/28/2020 11:05,11/28/2020 11:12,IP Address,194.110.112.164,100,439,TRUE,11/28/2020 11:12,R_1hznrB86HKqA7Qo,,,,,32.78889465,-96.80210114,anonymous,EN,0.9,Chrome,81.0.4044.138,Linux,360x800,Male,,White/Caucasian,,Bachelor's degree or higher,Employed,Conservative,Yes,Somewhat agree,Strongly agree,Somewhat disagree,Strongly agree,Neither agree nor disagree,70002,YES,,194.110.112.164,75201,Dallas,TX,United States,US,,,2020-11-28T11:12:37-07:00,,,
45-55,11/28/2020 11:03,11/28/2020 11:12,IP Address,98.36.155.160,100,571,TRUE,11/28/2020 11:12,R_1LG70eIkXfmg7Ai,,,,,38.42720032,-121.4420013,anonymous,EN,0.9,Chrome,86.0.4240.198,Windows NT 10.0,1920x1080,Female,,White/Caucasian,,Bachelor's degree or higher,Employed,Liberal,Yes,Somewhat agree,Strongly agree,Somewhat agree,Strongly agree,Neither agree nor disagree,67223,NO,,98.36.155.160,95758,Elk Grove,CA,United States,US,,,2020-11-28T11:12:48-07:00,,,
45-55,11/28/2020 11:03,11/28/2020 11:13,IP Address,73.161.247.123,100,613,TRUE,11/28/2020 11:13,R_3jThXAf82Th3w9u,,,,,42.72390747,-83.42320251,anonymous,EN,0.9,Firefox,83,Windows NT 10.0,2560x1440,Male,,White/Caucasian,,Bachelor's degree or higher,Employed,Liberal,No,Strongly agree,Neither agree nor disagree,Somewhat disagree,Somewhat agree,Neither agree nor disagree,78613,YES,,73.161.247.123,48346,Clarkston,MI,United States,US,,,2020-11-28T11:13:21-07:00,,,
45-55,11/28/2020 11:03,11/28/2020 11:13,IP Address,71.79.225.153,100,624,TRUE,11/28/2020 11:13,R_3ksMeXB0O90opnp,,,,,40.00349426,-82.67259979,anonymous,EN,0.9,Opera,71.0.3770.284,Windows NT 6.1,1024x820,Male,,White/Caucasian,,High school,Employed,Independent / Other,No,Strongly agree,Somewhat agree,Somewhat disagree,Neither agree nor disagree,Neither agree nor disagree,12103,YES,,71.79.225.153,43062,Pataskala,OH,United States,US,,,2020-11-28T11:13:48-07:00,,,
45-55,11/28/2020 11:03,11/28/2020 11:14,IP Address,68.40.38.242,100,667,TRUE,11/28/2020 11:14,R_9S1MWxyT2R4Da7L,,,,,42.21960449,-83.604599,anonymous,EN,0.9,Chrome,87.0.4280.66,Windows NT 10.0,1536x864,Female,,White/Caucasian,,Bachelor's degree or higher,Employed,Liberal,No,Strongly agree,Somewhat agree,Somewhat disagree,Neither agree nor disagree,Neither agree nor disagree,69694,NO,,68.40.38.242,48197,Ypsilanti,MI,United States,US,,,2020-11-28T11:14:36-07:00,,,
45-55,11/28/2020 11:03,11/28/2020 11:15,IP Address,75.162.194.68,100,685,TRUE,11/28/2020 11:15,R_293Kne4GFVD58yk,,,,,41.58760071,-93.61940002,anonymous,EN,0.9,Chrome,87.0.4280.66,Windows NT 6.3,1364x768,Male,,Hispanic/Latino,,Bachelor's degree or higher,Employed,Liberal,Yes,Neither agree nor disagree,Somewhat agree,Strongly agree,Somewhat agree,Strongly agree,91194,YES,,75.162.194.68,50309,Des Moines,IA,United States,US,,,2020-11-28T11:15:05-07:00,,,
45-55,11/28/2020 11:03,11/28/2020 11:15,IP Address,108.176.236.31,100,703,TRUE,11/28/2020 11:15,R_vxELndl6FLRm6dP,,,,,44.09689331,-70.18630219,anonymous,EN,0.7,Chrome,86.0.4240.198,Windows NT 10.0,1920x1080,Female,,White/Caucasian,,Some college,Employed,Conservative,Yes,Somewhat disagree,Strongly agree,Strongly disagree,Somewhat agree,Somewhat agree,10854,NO,,108.176.236.31,4240,Lewiston,ME,United States,US,,,2020-11-28T11:15:11-07:00,,,
45-55,11/28/2020 11:05,11/28/2020 11:15,IP Address,71.14.61.127,100,611,TRUE,11/28/2020 11:15,R_2sbcdyhkT7ErbOF,,,,,33.39500427,-86.83480072,anonymous,EN,,Chrome,86.0.4240.198,Windows NT 6.3,1366x768,Female,,Hispanic/Latino,,Bachelor's degree or higher,Employed,Conservative,Yes,Strongly agree,Somewhat agree,Neither agree nor disagree,Strongly agree,Somewhat agree,31487,NO,,71.14.61.127,35216,Birmingham,AL,United States,US,,,2020-11-28T11:15:17-07:00,,,
45-55,11/28/2020 11:08,11/28/2020 11:16,IP Address,73.128.8.113,100,464,TRUE,11/28/2020 11:16,R_265u6Blm6JQFY1B,,,,,39.03700256,-77.04119873,anonymous,EN,0.9,Chrome,86.0.4240.75,Windows NT 6.3,1366x768,Male,,Black or African American,,Bachelor's degree or higher,Employed,Conservative,Yes,Strongly agree,Strongly agree,Somewhat agree,Strongly agree,Somewhat agree,78140,NO,,73.128.8.113,20902,Silver Spring,MD,United States,US,,,2020-11-28T11:16:10-07:00,,,
45-55,11/28/2020 11:04,11/28/2020 11:17,IP Address,184.155.151.34,100,733,TRUE,11/28/2020 11:17,R_2DZfokIbJ1TVImN,,,,,34.77290344,-112.4736023,anonymous,EN,0.9,Chrome,86.0.4240.183,Windows NT 10.0,1920x1200,Female,,White/Caucasian,,Bachelor's degree or higher,Employed,Conservative,No,Strongly agree,Somewhat agree,Somewhat agree,Strongly agree,Somewhat disagree,41046,NO,,184.155.151.34,86323,Chino Valley,AZ,United States,US,,,2020-11-28T11:17:06-07:00,,,
45-55,11/28/2020 11:05,11/28/2020 11:17,IP Address,108.215.122.164,100,722,TRUE,11/28/2020 11:17,R_77JKVOaXa4Xiq1H,,,,,33.52310181,-84.35790253,anonymous,EN,0.9,Chrome,87.0.4280.66,Windows NT 6.3,1366x768,Female,,Black or African American,,Bachelor's degree or higher,Employed,Liberal,Yes,Somewhat agree,Somewhat agree,Somewhat agree,Somewhat agree,Somewhat disagree,94037,YES,,108.215.122.164,30236,Jonesboro,GA,United States,US,,,2020-11-28T11:17:11-07:00,,,
45-55,11/28/2020 11:07,11/28/2020 11:18,IP Address,65.33.81.192,100,636,TRUE,11/28/2020 11:18,R_2OOskTroIbXViDP,,,,,28.02059937,-82.45739746,anonymous,EN,0.9,Chrome,86.0.4240.75,Windows NT 10.0,1366x768,Male,,White/Caucasian,,Bachelor's degree or higher,Employed,Conservative,Yes,Somewhat agree,Somewhat agree,Somewhat agree,Somewhat agree,Somewhat agree,94169,YES,,65.33.81.192,33604,Tampa,FL,United States,US,,,2020-11-28T11:18:20-07:00,,,
45-55,11/28/2020 11:10,11/28/2020 11:19,IP Address,71.63.47.189,100,594,TRUE,11/28/2020 11:19,R_3Odb9Sg0zq6lgJU,,,,,37.33920288,-77.41750336,anonymous,EN,0.9,Chrome,86.0.4240.198,Windows NT 10.0,1536x864,Female,,White/Caucasian,,Some college,Employed,Liberal,No,Somewhat agree,Somewhat agree,Strongly agree,Strongly agree,Somewhat agree,68003,YES,,71.63.47.189,23831,Chester,VA,United States,US,,,2020-11-28T11:19:55-07:00,,,
45-55,11/28/2020 11:08,11/28/2020 11:20,IP Address,73.128.181.242,100,672,TRUE,11/28/2020 11:20,R_V2yQjwXd1Rfy0H7,,,,,39.07150269,-76.69629669,anonymous,EN,0.9,Chrome,86.0.4240.193,Windows NT 10.0,1920x1080,Female,,White/Caucasian,,Bachelor's degree or higher,Employed,Liberal,Yes,Strongly agree,Somewhat disagree,Somewhat disagree,Somewhat agree,Strongly agree,75651,YES,,73.128.181.242,21113,Odenton,MD,United States,US,,,2020-11-28T11:20:01-07:00,,,
45-55,11/28/2020 11:11,11/28/2020 11:21,IP Address,69.180.36.43,100,568,TRUE,11/28/2020 11:21,R_1IoWfFM5cUIhkCg,,,,,34.23190308,-84.16269684,anonymous,EN,0.9,Chrome,87.0.4280.66,Linux x86_64,1536x864,Male,,Hispanic/Latino,,Bachelor's degree or higher,Employed,Conservative,Yes,Strongly agree,Strongly disagree,Neither agree nor disagree,Somewhat agree,Neither agree nor disagree,92169,YES,,69.180.36.43,30040,Cumming,GA,United States,US,,,2020-11-28T11:21:16-07:00,,,
45-55,11/28/2020 11:11,11/28/2020 11:21,IP Address,75.75.68.80,100,612,TRUE,11/28/2020 11:21,R_yw37fmdb9OJEWHf,,,,,38.40249634,-78.63210297,anonymous,EN,0.9,Chrome,87.0.4280.66,Windows NT 10.0,1366x768,Female,,White/Caucasian,,High school,Employed,Liberal,Yes,Strongly agree,Strongly agree,Somewhat agree,Strongly agree,Neither agree nor disagree,74927,YES,,75.75.68.80,22827,Elkton,VA,United States,US,,,2020-11-28T11:21:38-07:00,,,
45-55,11/28/2020 11:05,11/28/2020 11:22,IP Address,196.17.64.235,100,1029,TRUE,11/28/2020 11:22,R_3dQW9FppWqKU1uY,,,,,34.05439758,-118.2440033,anonymous,EN,0.9,Chrome,86.0.4240.198,Windows NT 6.1,1366x768,Male,,White/Caucasian,,Bachelor's degree or higher,Employed,Liberal,Yes,Strongly agree,Strongly agree,Strongly agree,Strongly agree,Strongly agree,13378,NO,,196.17.64.235,90009,Los Angeles,CA,United States,US,,,2020-11-28T11:22:59-07:00,,,
45-55,11/28/2020 11:10,11/28/2020 11:23,IP Address,72.191.16.25,100,756,TRUE,11/28/2020 11:23,R_W2tOeyUiw0a4uPv,,,,,29.52099609,-98.36199951,anonymous,EN,0.9,Chrome,86.0.4240.198,Windows NT 10.0,1093x615,Male,,White/Caucasian,,Bachelor's degree or higher,Employed,Conservative,Yes,Somewhat agree,Somewhat agree,Somewhat agree,Strongly agree,Somewhat agree,23259,NO,,72.191.16.25,78239,San Antonio,TX,United States,US,,,2020-11-28T11:23:11-07:00,,,
45-55,11/28/2020 11:05,11/28/2020 11:23,IP Address,74.78.189.89,100,1114,TRUE,11/28/2020 11:23,R_ebAmXd7EMHoSvLz,,,,,44.88650513,-68.71720123,anonymous,EN,0.9,Chrome,84.0.4147.125,Windows NT 6.3,1366x768,Male,,Black or African American,,Bachelor's degree or higher,Employed,Liberal,No,Somewhat agree,Somewhat agree,Strongly agree,Somewhat agree,Strongly agree,71250,NO,,74.78.189.89,4473,Orono,ME,United States,US,,,2020-11-28T11:23:41-07:00,,,
45-55,11/28/2020 11:06,11/28/2020 11:25,IP Address,196.17.66.63,100,1140,TRUE,11/28/2020 11:25,R_WunQuBbZmzws0E1,,,,,34.05439758,-118.2440033,anonymous,EN,0.9,Chrome,87.0.4280.66,Windows NT 6.1,1366x768,Male,,White/Caucasian,,Bachelor's degree or higher,Employed,Liberal,Yes,Strongly agree,Strongly agree,Strongly agree,Strongly agree,Strongly agree,29471,NO,,196.17.66.63,90009,Los Angeles,CA,United States,US,,,2020-11-28T11:25:01-07:00,,,
45-55,11/28/2020 11:04,11/28/2020 11:25,IP Address,73.62.200.104,100,1271,TRUE,11/28/2020 11:25,R_3fPM168net9zh8v,,,,,44.90049744,-93.28849792,anonymous,EN,0.7,Chrome,86.0.4240.183,Windows NT 10.0,1366x768,Female,,White/Caucasian,,Bachelor's degree or higher,Employed,Conservative,Yes,Somewhat agree,Somewhat agree,Somewhat agree,Neither agree nor disagree,Somewhat agree,92324,NO,,73.62.200.104,55410,Minneapolis,MN,United States,US,,,2020-11-28T11:25:36-07:00,,,
45-55,11/28/2020 11:05,11/28/2020 11:25,IP Address,196.17.64.212,100,1192,TRUE,11/28/2020 11:25,R_1PSm7nWObOkudG3,,,,,34.05439758,-118.2440033,anonymous,EN,0.9,Chrome,86.0.4240.198,Windows NT 6.1,1366x768,Female,,White/Caucasian,,Bachelor's degree or higher,Employed,Liberal,Yes,Strongly agree,Strongly agree,Strongly agree,Strongly agree,Strongly agree,68780,YES,,196.17.64.212,90009,Los Angeles,CA,United States,US,,,2020-11-28T11:25:44-07:00,,,
45-55,11/28/2020 11:17,11/28/2020 11:27,IP Address,71.254.204.156,100,618,TRUE,11/28/2020 11:27,R_2qDkgAROEOXLfvy,,,,,40.17880249,-77.00469971,anonymous,EN,0.9,Chrome,87.0.4280.66,Windows NT 6.3,1366x768,Female,,Other,multi,Bachelor's degree or higher,Employed,Liberal,Yes,Strongly agree,Strongly agree,Strongly agree,Neither agree nor disagree,Strongly disagree,18570,YES,,71.254.204.156,17055,Mechanicsburg,PA,United States,US,,,2020-11-28T11:27:43-07:00,,,
45-55,11/28/2020 11:21,11/28/2020 11:30,IP Address,74.187.141.12,100,568,TRUE,11/28/2020 11:30,R_3Pv03vuJaknJAWM,,,,,36.3401947,-79.66220093,anonymous,EN,0.9,Chrome,86.0.4240.198,Macintosh,1920x1080,Male,,White/Caucasian,,Some college,Employed,Independent / Other,Yes,Strongly agree,Strongly agree,Strongly disagree,Somewhat agree,Strongly disagree,93955,NO,,74.187.141.12,27320,Reidsville,NC,United States,US,,,2020-11-28T11:30:40-07:00,,,
45-55,11/28/2020 11:25,11/28/2020 11:36,IP Address,98.149.74.199,100,696,TRUE,11/28/2020 11:36,R_pLhlVrikz6qnDAR,,,,,33.8000946,-117.9949036,anonymous,EN,0.1,Chrome,85.0.4183.121,Windows NT 6.1,1093x615,Female,,White/Caucasian,,Bachelor's degree or higher,Employed,Conservative,No,Strongly agree,Strongly agree,Somewhat agree,Strongly agree,Strongly agree,53319,YES,,98.149.74.199,90680,Stanton,CA,United States,US,,,2020-11-28T11:36:55-07:00,,,
45-55,11/28/2020 11:37,11/28/2020 11:48,IP Address,72.201.175.165,100,631,TRUE,11/28/2020 11:48,R_115guZUdSO4QOZA,,,,,33.65629578,-112.1706009,anonymous,EN,0.9,Chrome,86.0.4240.198,Windows NT 10.0,1600x900,Male,,White/Caucasian,,Some college,Employed,Liberal,No,Somewhat agree,Somewhat disagree,Somewhat disagree,Somewhat agree,Strongly disagree,30503,NO,,72.201.175.165,85375,Sun City West,AZ,United States,US,,,2020-11-28T11:48:19-07:00,,,
45-55,11/28/2020 11:58,11/28/2020 12:10,IP Address,108.213.140.246,100,740,TRUE,11/28/2020 12:10,R_3e51KjoCi8THpRn,,,,,29.87379456,-95.52330017,anonymous,EN,0.3,Chrome,87.0.4280.66,Windows NT 6.1,1920x1200,Male,,White/Caucasian,,Bachelor's degree or higher,Employed,Independent / Other,No,Strongly agree,Strongly disagree,Strongly disagree,Somewhat agree,Somewhat agree,80738,YES,,108.213.140.246,77040,Houston,TX,United States,US,,,2020-11-28T12:10:38-07:00,,,
45-55,11/28/2020 12:07,11/28/2020 12:14,IP Address,67.8.193.168,100,431,TRUE,11/28/2020 12:14,R_2tsdVd876vM8aX2,,,,,28.90249634,-81.2480011,anonymous,EN,0.9,Chrome,86.0.4240.198,Windows NT 10.0,1920x1080,Female,,White/Caucasian,,Some college,Employed,Liberal,Yes,Strongly agree,Somewhat agree,Somewhat disagree,Somewhat disagree,Strongly disagree,92063,YES,,67.8.193.168,32725,Deltona,FL,United States,US,,,2020-11-28T12:14:30-07:00,,,
45-55,11/28/2020 12:08,11/28/2020 12:19,IP Address,98.143.0.20,100,672,TRUE,11/28/2020 12:19,R_21vp9Lctk47F5cU,,,,,35.38420105,-85.39250183,anonymous,EN,0.9,Firefox,82,Windows NT 10.0,1280x720,Male,,White/Caucasian,,Some college,Employed,Independent / Other,No,Somewhat agree,Strongly agree,Somewhat agree,Strongly agree,Somewhat disagree,32025,NO,,98.143.0.20,37327,Dunlap,TN,United States,US,,,2020-11-28T12:19:46-07:00,,,
45-55,11/28/2020 12:17,11/28/2020 12:23,IP Address,173.61.40.73,100,355,TRUE,11/28/2020 12:23,R_3oXuGmwHAHjFFbv,,,,,39.94639587,-75.05169678,anonymous,EN,0.9,Chrome,87.0.4280.66,Windows NT 10.0,1536x864,Male,,White/Caucasian,,Bachelor's degree or higher,Employed,Liberal,Yes,Neither agree nor disagree,Somewhat disagree,Neither agree nor disagree,Somewhat agree,Neither agree nor disagree,61914,YES,,173.61.40.73,8109,Merchantville,NJ,United States,US,,,2020-11-28T12:23:25-07:00,,,
45-55,11/28/2020 12:46,11/28/2020 12:54,IP Address,71.45.58.247,100,447,TRUE,11/28/2020 12:54,R_2ci5HK5OySLR0Pb,,,,,33.56990051,-86.72399902,anonymous,EN,0.9,Chrome,86.0.4240.183,Windows NT 6.3,1366x768,Female,,White/Caucasian,,Bachelor's degree or higher,Employed,Conservative,Yes,Somewhat agree,Neither agree nor disagree,Somewhat agree,Neither agree nor disagree,Somewhat agree,72811,NO,,71.45.58.247,35212,Birmingham,AL,United States,US,,,2020-11-28T12:54:10-07:00,,,
55 and older,11/28/2020 11:03,11/28/2020 11:11,IP Address,98.198.213.38,100,455,TRUE,11/28/2020 11:11,R_tJmmv4mtG8SpYZz,,,,,29.7519989,-95.34300232,anonymous,EN,0.9,Chrome,86.0.4240.111,Windows NT 10.0,1366x768,Male,,White/Caucasian,,Bachelor's degree or higher,Employed,Conservative,Yes,Somewhat agree,Somewhat agree,Somewhat agree,Strongly agree,Somewhat agree,75806,NO,,98.198.213.38,77017,Houston,TX,United States,US,,,2020-11-28T11:11:01-07:00,,,
55 and older,11/28/2020 11:02,11/28/2020 11:11,IP Address,73.66.94.137,100,542,TRUE,11/28/2020 11:11,R_DN8iC5PyyDiPj45,,,,,39.50799561,-121.4570999,anonymous,EN,0.9,Chrome,87.0.4280.66,Windows NT 10.0,1280x720,Female,,White/Caucasian,,High school,Not Employed,Independent / Other,Yes,Strongly agree,Somewhat agree,Somewhat disagree,Somewhat agree,Neither agree nor disagree,52310,YES,,73.66.94.137,95966,Oroville,CA,United States,US,,,2020-11-28T11:11:47-07:00,,,
55 and older,11/28/2020 11:03,11/28/2020 11:12,IP Address,108.28.95.85,100,570,TRUE,11/28/2020 11:12,R_2uHQ7Hj6zhhwca8,,,,,39.03390503,-77.08300018,anonymous,EN,0.9,Firefox,83,Macintosh,1600x900,Female,,White/Caucasian,,Bachelor's degree or higher,Not Employed,Liberal,Yes,Somewhat agree,Somewhat agree,Strongly disagree,Somewhat agree,Somewhat disagree,99517,NO,,108.28.95.85,20906,Silver Spring,MD,United States,US,,,2020-11-28T11:12:41-07:00,,,
55 and older,11/28/2020 11:06,11/28/2020 11:12,IP Address,70.172.77.37,100,370,TRUE,11/28/2020 11:12,R_3MgK0nCRDi0goHa,,,,,33.35040283,-111.7819977,anonymous,EN,0.9,Chrome,87.0.4280.66,Windows NT 10.0,2319x979,Male,,White/Caucasian,,Bachelor's degree or higher,Not Employed,Independent / Other,Yes,Somewhat agree,Neither agree nor disagree,Neither agree nor disagree,Somewhat agree,Somewhat disagree,83598,NO,,70.172.77.37,85234,Gilbert,AZ,United States,US,,,2020-11-28T11:12:44-07:00,,,
55 and older,11/28/2020 11:03,11/28/2020 11:12,IP Address,75.141.194.130,100,569,TRUE,11/28/2020 11:12,R_UsXp3FxYzF2kj4d,,,,,39.5381012,-119.8365021,anonymous,EN,0.9,Chrome,87.0.4280.66,Windows NT 10.0,1600x900,Female,,White/Caucasian,,Bachelor's degree or higher,Employed,Liberal,Yes,Strongly agree,Somewhat disagree,Neither agree nor disagree,Strongly agree,Neither agree nor disagree,37561,NO,,75.141.194.130,89503,Reno,NV,United States,US,,,2020-11-28T11:12:53-07:00,,,
55 and older,11/28/2020 11:05,11/28/2020 11:12,IP Address,99.145.173.218,100,467,TRUE,11/28/2020 11:12,R_3HhkegwjlO3NI0x,,,,,25.7348938,-80.22280121,anonymous,EN,0.9,Chrome,86.0.4240.75,Windows NT 6.3,1280x768,Female,,White/Caucasian,,Bachelor's degree or higher,Employed,Conservative,Yes,Neither agree nor disagree,Somewhat agree,Somewhat agree,Neither agree nor disagree,Neither agree nor disagree,48821,YES,,99.145.173.218,33145,Miami,FL,United States,US,,,2020-11-28T11:12:58-07:00,,,
55 and older,11/28/2020 11:03,11/28/2020 11:13,IP Address,172.58.44.150,100,596,TRUE,11/28/2020 11:13,R_2PpsabV4em6SQ2s,,,,,47.60319519,-122.3412018,anonymous,EN,0.9,Chrome,87.0.4280.66,Windows NT 10.0,1920x1080,Male,,White/Caucasian,,Some college,Not Employed,Conservative,Yes,Strongly agree,Strongly agree,Somewhat agree,Strongly agree,Somewhat disagree,47505,YES,,172.58.44.150,98198,Seattle,WA,United States,US,,,2020-11-28T11:13:12-07:00,,,
55 and older,11/28/2020 11:05,11/28/2020 11:14,IP Address,97.103.181.83,100,494,TRUE,11/28/2020 11:14,R_4MCwdDfkgUBPA0F,,,,,28.33270264,-80.61470032,anonymous,EN,0.9,Firefox,82,Windows NT 6.1,1366x768,Male,,White/Caucasian,,Bachelor's degree or higher,Not Employed,Independent / Other,No,Somewhat agree,Somewhat disagree,Somewhat agree,Somewhat agree,Somewhat disagree,56408,NO,,97.103.181.83,32931,Cocoa Beach,FL,United States,US,,,2020-11-28T11:14:00-07:00,,,
55 and older,11/28/2020 11:05,11/28/2020 11:14,IP Address,76.107.22.101,100,534,TRUE,11/28/2020 11:14,R_3iDtVCRzPh7RiX3,,,,,35.1566925,-89.92739868,anonymous,EN,0.9,Chrome,85.0.4183.83,Macintosh,2560x1440,Male,,White/Caucasian,,Some college,Employed,Liberal,Yes,Strongly agree,Strongly agree,Strongly agree,Strongly agree,Somewhat disagree,48376,YES,,76.107.22.101,38122,Memphis,TN,United States,US,,,2020-11-28T11:14:38-07:00,,,
55 and older,11/28/2020 11:04,11/28/2020 11:15,IP Address,67.167.87.180,100,619,TRUE,11/28/2020 11:15,R_3OjP9uIly5fKSEd,,,,,41.97549438,-88.08779907,anonymous,EN,0.9,Chrome,86.0.4240.198,Windows NT 6.3,1366x768,Male,,Black or African American,,Bachelor's degree or higher,Employed,Liberal,Yes,Strongly agree,Strongly agree,Strongly agree,Somewhat agree,Strongly agree,35249,NO,,67.167.87.180,60172,Roselle,IL,United States,US,,,2020-11-28T11:15:03-07:00,,,
55 and older,11/28/2020 11:06,11/28/2020 11:15,IP Address,70.92.101.12,100,551,TRUE,11/28/2020 11:15,R_2qfpMBBMIKRny9g,,,,,37.82499695,-87.56549835,anonymous,EN,0.9,Chrome,86.0.4240.198,Windows NT 10.0,1366x768,Female,,White/Caucasian,,Some college,Employed,Conservative,Yes,Somewhat agree,Somewhat agree,Neither agree nor disagree,Strongly agree,Somewhat agree,89089,NO,,70.92.101.12,42420,Henderson,KY,United States,US,,,2020-11-28T11:15:12-07:00,,,
55 and older,11/28/2020 11:05,11/28/2020 11:15,IP Address,98.228.202.138,100,583,TRUE,11/28/2020 11:15,R_24FSuBwbtq9dQcl,,,,,42.230896,-88.33789825,anonymous,EN,0.9,Chrome,86.0.4240.198,CrOS x86_64 13421.99.0,1807x1016,Female,,White/Caucasian,,Bachelor's degree or higher,Employed,Conservative,No,Strongly agree,Somewhat agree,Somewhat disagree,Somewhat agree,Somewhat agree,53318,YES,,98.228.202.138,60014,Crystal Lake,IL,United States,US,,,2020-11-28T11:15:30-07:00,,,
55 and older,11/28/2020 11:06,11/28/2020 11:16,IP Address,73.153.191.15,100,602,TRUE,11/28/2020 11:16,R_1gwMfzX1npoo4Br,,,,,39.72909546,-105.1896973,anonymous,EN,0.9,Chrome,86.0.4240.198,Windows NT 6.1,1440x900,Female,,White/Caucasian,,Bachelor's degree or higher,Employed,Conservative,Yes,Neither agree nor disagree,Neither agree nor disagree,Strongly agree,Strongly agree,Strongly disagree,99089,YES,,73.153.191.15,80401,Golden,CO,United States,US,,,2020-11-28T11:16:19-07:00,,,
55 and older,11/28/2020 11:07,11/28/2020 11:16,IP Address,71.200.47.51,100,581,TRUE,11/28/2020 11:16,R_3Jl9WyEXjQNJUrL,,,,,39.15890503,-75.58779907,anonymous,EN,0.9,Chrome,86.0.4240.198,Windows NT 10.0,1024x768,Male,,White/Caucasian,,Bachelor's degree or higher,Not Employed,Liberal,Yes,Strongly agree,Strongly disagree,Somewhat agree,Somewhat agree,Somewhat disagree,60447,YES,,71.200.47.51,19904,Dover,DE,United States,US,,,2020-11-28T11:16:47-07:00,,,
55 and older,11/28/2020 11:05,11/28/2020 11:16,IP Address,68.101.26.220,100,666,TRUE,11/28/2020 11:16,R_1LSuDOj6YvzbsXd,,,,,30.77729797,-86.48320007,anonymous,EN,0.9,Firefox,83,Windows NT 10.0,1920x1080,Male,,White/Caucasian,,Some college,Employed,Independent / Other,No,Strongly agree,Neither agree nor disagree,Neither agree nor disagree,Somewhat agree,Strongly disagree,69252,YES,,68.101.26.220,32539,Crestview,FL,United States,US,,,2020-11-28T11:16:55-07:00,,,
55 and older,11/28/2020 11:09,11/28/2020 11:17,IP Address,173.63.59.139,100,490,TRUE,11/28/2020 11:17,R_AzDXJxQOhx7vuql,,,,,40.61289978,-74.41600037,anonymous,EN,0.9,Chrome,86.0.4240.198,Windows NT 6.1,1280x1024,Male,,White/Caucasian,,Bachelor's degree or higher,Employed,Liberal,No,Strongly agree,Somewhat agree,Somewhat disagree,Strongly disagree,Somewhat disagree,20237,YES,,173.63.59.139,7062,Plainfield,NJ,United States,US,,,2020-11-28T11:17:24-07:00,,,
55 and older,11/28/2020 11:07,11/28/2020 11:17,IP Address,50.86.52.234,100,595,TRUE,11/28/2020 11:17,R_24NaExKk4IimySH,,,,,32.38949585,-89.95619965,anonymous,EN,0.9,Firefox,83,Windows NT 10.0,1366x768,Female,,White/Caucasian,,Bachelor's degree or higher,Not Employed,Conservative,Yes,Strongly agree,Somewhat agree,Somewhat agree,Strongly agree,Somewhat agree,93757,YES,,50.86.52.234,39073,Florence,MS,United States,US,,,2020-11-28T11:17:28-07:00,,,
55 and older,11/28/2020 11:07,11/28/2020 11:17,IP Address,72.129.129.92,100,613,TRUE,11/28/2020 11:17,R_1ogRu3fMmCL1TKn,,,,,44.50340271,-87.98130035,anonymous,EN,0.9,Chrome,87.0.4280.66,Windows NT 6.1,1440x900,Female,,White/Caucasian,,Bachelor's degree or higher,Employed,Liberal,No,Strongly agree,Somewhat agree,Somewhat agree,Somewhat agree,Strongly disagree,96692,NO,,72.129.129.92,54302,Green Bay,WI,United States,US,,,2020-11-28T11:17:52-07:00,,,
55 and older,11/28/2020 11:06,11/28/2020 11:18,IP Address,47.35.183.192,100,688,TRUE,11/28/2020 11:18,R_OQpNlbzNm6QXTRn,,,,,44.16600037,-87.58319855,anonymous,EN,0.9,Chrome,87.0.4280.66,Windows NT 10.0,1280x720,Male,,White/Caucasian,,Some college,Not Employed,Independent / Other,Yes,Neither agree nor disagree,Somewhat agree,Somewhat agree,Strongly agree,Strongly disagree,23626,NO,,47.35.183.192,54241,Two Rivers,WI,United States,US,,,2020-11-28T11:18:16-07:00,,,
55 and older,11/28/2020 11:08,11/28/2020 11:18,IP Address,24.167.162.47,100,562,TRUE,11/28/2020 11:18,R_22RZfMlW5038qiC,,,,,36.03219604,-79.8588028,anonymous,EN,0.9,Chrome,87.0.4280.66,Windows NT 10.0,1280x720,Male,,White/Caucasian,,Some college,Not Employed,Liberal,Yes,Somewhat agree,Strongly agree,Strongly agree,Strongly agree,Strongly disagree,47978,NO,,24.167.162.47,27407,Greensboro,NC,United States,US,,,2020-11-28T11:18:19-07:00,,,
55 and older,11/28/2020 11:05,11/28/2020 11:19,IP Address,71.77.155.238,100,839,TRUE,11/28/2020 11:19,R_27Nf5YPckixlcO9,,,,,35.18730164,-79.47299957,anonymous,EN,0.9,Chrome,85.0.4183.133,CrOS x86_64 13310.93.0,1187x667,Female,,White/Caucasian,,Bachelor's degree or higher,Not Employed,Liberal,Yes,Strongly agree,Strongly agree,Strongly agree,Strongly agree,Strongly disagree,89991,YES,,71.77.155.238,28374,Pinehurst,NC,United States,US,,,2020-11-28T11:19:10-07:00,,,
55 and older,11/28/2020 11:07,11/28/2020 11:19,IP Address,74.140.104.220,100,684,TRUE,11/28/2020 11:19,R_2wuChWTQum4jzQP,,,,,40.07319641,-82.40170288,anonymous,EN,0.9,Firefox,52,Windows NT 6.0,672x420,Female,,White/Caucasian,,Some college,Employed,Independent / Other,Yes,Somewhat agree,Neither agree nor disagree,Neither agree nor disagree,Neither agree nor disagree,Somewhat disagree,41618,YES,,74.140.104.220,43055,Newark,OH,United States,US,,,2020-11-28T11:19:19-07:00,,,
55 and older,11/28/2020 11:06,11/28/2020 11:25,IP Address,67.7.34.105,100,1118,TRUE,11/28/2020 11:25,R_3QKrHxVnEgcqiqD,,,,,41.33259583,-85.71029663,anonymous,EN,0.9,Chrome,86.0.4240.198,Windows NT 6.1,1093x615,Female,,White/Caucasian,,High school,Not Employed,Liberal,Yes,Strongly agree,Somewhat disagree,Somewhat agree,Neither agree nor disagree,Somewhat disagree,25012,YES,,67.7.34.105,46725,Columbia City,IN,United States,US,,,2020-11-28T11:25:04-07:00,,,
55 and older,11/28/2020 11:07,11/28/2020 11:28,IP Address,196.17.64.154,100,1269,TRUE,11/28/2020 11:28,R_2qDkDKgRvYiqUQu,,,,,34.05439758,-118.2440033,anonymous,EN,0.9,Chrome,87.0.4280.66,Windows NT 6.1,1366x768,Female,,White/Caucasian,,Bachelor's degree or higher,Employed,Conservative,Yes,Strongly agree,Strongly agree,Strongly agree,Somewhat agree,Strongly agree,59174,YES,,196.17.64.154,90009,Los Angeles,CA,United States,US,,,2020-11-28T11:28:38-07:00,,,
55 and older,11/28/2020 11:04,11/28/2020 11:29,IP Address,196.17.64.73,100,1470,TRUE,11/28/2020 11:29,R_2v7gVfpHeFz4Obj,,,,,34.05439758,-118.2440033,anonymous,EN,0.9,Chrome,87.0.4280.66,Windows NT 6.1,1366x768,Female,,White/Caucasian,,Some college,Employed,Conservative,Yes,Strongly agree,Strongly agree,Strongly agree,Strongly agree,Strongly agree,17079,NO,,196.17.64.73,90009,Los Angeles,CA,United States,US,,,2020-11-28T11:29:03-07:00,,,
55 and older,11/28/2020 11:02,11/28/2020 11:31,IP Address,73.187.102.199,100,1691,TRUE,11/28/2020 11:31,R_1FQlCn6H4BdzIoQ,,,,,40.79570007,-77.86180115,anonymous,EN,0.9,Chrome,87.0.4280.66,Windows NT 10.0,1920x1200,Male,,White/Caucasian,,High school,Employed,Independent / Other,No,Strongly agree,Somewhat disagree,Neither agree nor disagree,Neither agree nor disagree,Neither agree nor disagree,84968,YES,,73.187.102.199,16801,State College,PA,United States,US,,,2020-11-28T11:31:02-07:00,,,
55 and older,11/28/2020 11:22,11/28/2020 11:33,IP Address,68.8.156.5,100,667,TRUE,11/28/2020 11:33,R_3D7IX5UVXhx8O4E,,,,,32.71040344,-117.0527954,anonymous,EN,0.9,Chrome,87.0.4280.66,Windows NT 10.0,1280x1024,Male,,White/Caucasian,,Some college,Employed,Liberal,No,Strongly agree,Neither agree nor disagree,Somewhat disagree,Somewhat agree,Somewhat agree,75699,NO,,68.8.156.5,92114,San Diego,CA,United States,US,,,2020-11-28T11:33:39-07:00,,,
55 and older,11/28/2020 11:22,11/28/2020 11:33,IP Address,73.245.123.35,100,652,TRUE,11/28/2020 11:33,R_1FFaIqiyjjSxw9f,,,,,26.65429688,-80.12560272,anonymous,EN,0.9,Chrome,86.0.4240.198,Windows NT 10.0,1366x768,Female,,White/Caucasian,,High school,Not Employed,Liberal,No,Strongly agree,Somewhat disagree,Somewhat agree,Somewhat agree,Strongly disagree,88668,YES,,73.245.123.35,33463,Lake Worth,FL,United States,US,,,2020-11-28T11:33:40-07:00,,,
55 and older,11/28/2020 11:27,11/28/2020 11:36,IP Address,96.69.112.153,100,581,TRUE,11/28/2020 11:36,R_cUtgkNwP623iVd7,,,,,35.92430115,-83.99649811,anonymous,EN,0.9,Chrome,84.0.4147.89,Windows NT 10.0,1600x900,Male,,White/Caucasian,,High school,Employed,Independent / Other,No,Somewhat agree,Somewhat agree,Somewhat agree,Somewhat agree,Strongly disagree,73567,NO,,96.69.112.153,37919,Knoxville,TN,United States,US,,,2020-11-28T11:36:52-07:00,,,
55 and older,11/28/2020 11:07,11/28/2020 11:39,IP Address,71.8.73.209,100,1923,TRUE,11/28/2020 11:39,R_eyppITpYc3I03ct,,,,,33.35549927,-86.82740021,anonymous,EN,0.7,Chrome,87.0.4280.66,Windows NT 6.3,800x600,Male,,Hispanic/Latino,,Bachelor's degree or higher,Employed,Conservative,Yes,Somewhat agree,Strongly agree,Somewhat agree,Somewhat disagree,Somewhat agree,74306,NO,,71.8.73.209,35244,Birmingham,AL,United States,US,,,2020-11-28T11:39:05-07:00,,,
55 and older,11/28/2020 11:28,11/28/2020 11:42,IP Address,196.17.65.110,100,855,TRUE,11/28/2020 11:42,R_3QXWKJDCsopmNUo,,,,,34.05439758,-118.2440033,anonymous,EN,0.9,Chrome,86.0.4240.111,Windows NT 6.1,1366x768,Male,,White/Caucasian,,Bachelor's degree or higher,Employed,Conservative,Yes,Strongly agree,Strongly agree,Strongly agree,Strongly agree,Strongly agree,57495,NO,,196.17.65.110,90009,Los Angeles,CA,United States,US,,,2020-11-28T11:42:17-07:00,,,
55 and older,11/28/2020 11:37,11/28/2020 11:47,IP Address,173.63.61.15,100,550,TRUE,11/28/2020 11:47,R_2rMmgiNJvI2t5wt,,,,,40.9571991,-74.16040039,anonymous,EN,0.7,Chrome,87.0.4280.66,Windows NT 10.0,1920x1080,Female,,White/Caucasian,,High school,Employed,Liberal,Yes,Somewhat agree,Strongly agree,Somewhat agree,Somewhat agree,Neither agree nor disagree,14567,YES,,173.63.61.15,7506,Hawthorne,NJ,United States,US,,,2020-11-28T11:47:03-07:00,,,
55 and older,11/28/2020 11:41,11/28/2020 11:47,IP Address,35.137.59.85,100,396,TRUE,11/28/2020 11:47,R_3dSQ0uNEPtX0FeF,,,,,27.96000671,-82.46140289,anonymous,EN,0.9,Chrome,87.0.4280.66,Windows NT 10.0,1366x768,Female,,White/Caucasian,,Bachelor's degree or higher,Employed,Liberal,No,Strongly agree,Neither agree nor disagree,Strongly agree,Strongly agree,Strongly disagree,74101,YES,,35.137.59.85,33602,Tampa,FL,United States,US,,,2020-11-28T11:47:58-07:00,,,
55 and older,11/28/2020 11:37,11/28/2020 11:48,IP Address,72.208.217.179,100,622,TRUE,11/28/2020 11:48,R_2rpvhyhnr5q6Ze5,,,,,33.47929382,-112.3121033,anonymous,EN,0.9,Chrome,87.0.4280.66,Windows NT 6.1,1536x864,Female,,Asian,,Some college,Employed,Liberal,Yes,Strongly agree,Strongly agree,Strongly agree,Strongly agree,Neither agree nor disagree,43832,NO,,72.208.217.179,85392,Avondale,AZ,United States,US,,,2020-11-28T11:48:19-07:00,,,
55 and older,11/28/2020 11:38,11/28/2020 11:49,IP Address,184.91.226.29,100,666,TRUE,11/28/2020 11:49,R_Y3lxj8PRgaPnDpf,,,,,29.02470398,-80.95839691,anonymous,EN,0.9,Chrome,87.0.4280.66,Windows NT 10.0,1366x768,Female,,White/Caucasian,,Bachelor's degree or higher,Employed,Liberal,No,Strongly agree,Strongly disagree,Neither agree nor disagree,Somewhat agree,Neither agree nor disagree,74370,YES,,184.91.226.29,32141,Edgewater,FL,United States,US,,,2020-11-28T11:49:48-07:00,,,
55 and older,11/28/2020 11:43,11/28/2020 11:52,IP Address,192.3.161.165,100,508,TRUE,11/28/2020 11:52,R_3PoSZTvXx3hXGC1,,,,,37.75100708,-97.8219986,anonymous,EN,,Chrome,85.0.4183.121,Windows NT 6.3,1280x1024,Female,,White/Caucasian,,Bachelor's degree or higher,Not Employed,Conservative,Yes,Somewhat agree,Somewhat agree,Neither agree nor disagree,Neither agree nor disagree,Neither agree nor disagree,39140,NO,,192.3.161.165,,,,United States,US,,,2020-11-28T11:52:19-07:00,,,
55 and older,11/28/2020 11:20,11/28/2020 11:56,IP Address,196.17.64.104,100,2126,TRUE,11/28/2020 11:56,R_yUSdrUwJdSE0ECt,,,,,34.05439758,-118.2440033,anonymous,EN,0.9,Chrome,86.0.4240.198,Windows NT 6.1,1366x768,Female,,White/Caucasian,,Some college,Employed,Conservative,Yes,Strongly agree,Strongly agree,Strongly agree,Strongly agree,Strongly agree,33794,YES,,196.17.64.104,90009,Los Angeles,CA,United States,US,,,2020-11-28T11:56:10-07:00,,,
55 and older,11/28/2020 11:12,11/28/2020 12:13,IP Address,68.99.226.61,100,3695,TRUE,11/28/2020 12:13,R_3khcIbUliD7QAQY,,,,,33.62620544,-112.0074005,anonymous,EN,0.9,Chrome,87.0.4280.66,Windows NT 10.0,1920x1080,Female,,White/Caucasian,,Bachelor's degree or higher,Employed,Liberal,Yes,Somewhat agree,Somewhat disagree,Somewhat disagree,Somewhat agree,Somewhat agree,46728,NO,,68.99.226.61,85032,Phoenix,AZ,United States,US,,,2020-11-28T12:13:45-07:00,,,
55 and older,11/28/2020 12:27,11/28/2020 12:40,IP Address,174.27.20.201,100,773,TRUE,11/28/2020 12:40,R_1CEGVKUl8Gfcp8U,,,,,43.63389587,-116.2942047,anonymous,EN,0.7,Chrome,87.0.4280.66,Windows NT 10.0,1024x768,Female,,White/Caucasian,,Bachelor's degree or higher,Not Employed,Independent / Other,Yes,Strongly agree,Strongly agree,Somewhat agree,Strongly agree,Neither agree nor disagree,92154,YES,,174.27.20.201,83705,Boise,ID,United States,US,,,2020-11-28T12:40:19-07:00,,,
55 and older,11/28/2020 12:34,11/28/2020 12:45,IP Address,152.86.88.16,100,622,TRUE,11/28/2020 12:45,R_1n8ugmNSBQg4T8p,,,,,36.3125,-82.3769989,anonymous,EN,0.9,Chrome,86.0.4240.198,Windows NT 10.0,1366x768,Female,,White/Caucasian,,Bachelor's degree or higher,Employed,Independent / Other,Yes,Somewhat agree,Strongly agree,Somewhat disagree,Somewhat agree,Strongly disagree,20714,NO,,152.86.88.16,37604,Johnson City,TN,United States,US,,,2020-11-28T12:45:18-07:00,,,
