StartDate,EndDate,Progress,Duration (in seconds),Finished,RecordedDate,ResponseId,LocationLatitude,LocationLongitude,Q_RecaptchaScore,Gender,Gender-Other,AgeGroup,Ethnicity,Ethnicity-Other,Education,Employed,PoliticalBelief,ChronicPain,OpiodsDeathsIncreasing,AssignmentGroup,MC_DesireToLearn,MC_PortrayedHarm,MC_MisInfo,MC_Addictive,RandomId,IPAddress,Postal Code,City,Region,Country,CountryCode,CurrentDate,MC_Legal
11/28/2020 11:00,11/28/2020 11:05,100,320,TRUE,11/28/2020 11:05,R_1ltXe8sYWi5unYP,26.69320679,-81.91290283,0.3,Male,,25-35,White/Caucasian,,High school,Yes,Conservative,0,Neither agree nor disagree,Treatment,Neither agree nor disagree,Neither agree nor disagree,Neither agree nor disagree,Neither agree nor disagree,24912,56-4e-1d-a5-41-1a-7d-9f-56-48-dd-5b-71-93-a3-9b,33901,Fort Myers,FL,United States,US,2020-11-28T11:05:33-07:00,Legal
11/28/2020 11:03,11/28/2020 11:07,100,201,TRUE,11/28/2020 11:07,R_3MPEFlTXmTxsDPu,33.89920044,-84.85720062,0.9,Female,,25-35,White/Caucasian,,High school,Yes,Liberal,1,Neither agree nor disagree,Treatment,Neither agree nor disagree,Somewhat agree,Neither agree nor disagree,Neither agree nor disagree,94088,71-a-1f-e7-10-6c-99-a6-81-b3-92-fe-c4-cf-3e-e2,30157,Dallas,GA,United States,US,2020-11-28T11:07:04-07:00,Legal
11/28/2020 11:00,11/28/2020 11:09,100,559,TRUE,11/28/2020 11:09,R_3Jmh0iXf26MVQzu,41.14680481,-85.20670319,0.9,Female,,25-35,White/Caucasian,,Some college,Yes,Liberal,1,Somewhat agree,Placebo,Strongly agree,Somewhat agree,Strongly agree,Strongly disagree,67154,a8-39-75-26-bf-a8-80-1b-45-3b-aa-3d-46-68-d0-1a,46845,Fort Wayne,IN,United States,US,2020-11-28T11:09:34-07:00,Legal
11/28/2020 11:01,11/28/2020 11:11,100,578,TRUE,11/28/2020 11:11,R_1PXJy0sWmnXac4j,33.58790588,-86.33840179,0.7,Male,,25-35,White/Caucasian,,>=Bachelor's degree,Yes,Conservative,1,Strongly agree,Placebo,Strongly agree,Strongly agree,Strongly agree,Somewhat agree,46113,75-b3-5-fb-e9-71-6f-fa-6c-77-b3-ca-2a-71-f9-8f,35125,Pell City,AL,United States,US,2020-11-28T11:11:14-07:00,Legal
11/28/2020 10:59,11/28/2020 11:11,100,684,TRUE,11/28/2020 11:11,R_1rw7rWXcOf3In8J,34.05439758,-118.2440033,0.9,Female,,25-35,White/Caucasian,,>=Bachelor's degree,Yes,Liberal,1,Somewhat agree,Placebo,Strongly agree,Somewhat agree,Neither agree nor disagree,Somewhat agree,41816,5e-a8-84-77-fc-ef-ee-db-48-a3-23-e9-bd-36-d6-28,90009,Los Angeles,CA,United States,US,2020-11-28T11:11:16-07:00,Legal
11/28/2020 11:09,11/28/2020 11:13,100,226,TRUE,11/28/2020 11:13,R_2YhLXXgz5B2uCGv,40.58850098,-75.46420288,0.9,Male,,25-35,White/Caucasian,,>=Bachelor's degree,Yes,Liberal,0,Strongly agree,Treatment,Somewhat disagree,Somewhat agree,Strongly agree,Somewhat agree,53111,36-aa-6b-9d-2b-5-df-3e-eb-90-df-8a-c2-52-83-7e,18015,Bethlehem,PA,United States,US,2020-11-28T11:13:20-07:00,Legal
11/28/2020 11:08,11/28/2020 11:13,100,344,TRUE,11/28/2020 11:13,R_eS4PKbqMGMoKeDT,37.75100708,-97.8219986,0.9,Male,,25-35,White/Caucasian,,>=Bachelor's degree,Yes,Liberal,1,Somewhat agree,Placebo,Strongly agree,Somewhat agree,Strongly agree,Neither agree nor disagree,15838,d4-85-a7-82-57-9a-3e-c7-3d-6-57-50-aa-88-b0-10,,,KS,United States,US,2020-11-28T11:13:51-07:00,Illegal
11/28/2020 11:05,11/28/2020 11:15,100,643,TRUE,11/28/2020 11:15,R_a4WiSVSWaI5HZXX,45.48170471,-122.4156036,0.9,Male,,25-35,White/Caucasian,,>=Bachelor's degree,Yes,Conservative,1,Somewhat agree,Placebo,Somewhat agree,Neither agree nor disagree,Strongly agree,Neither agree nor disagree,47499,d7-27-cb-ce-64-f6-f4-b2-c8-e3-ad-cc-ee-df-1e-10,48075,Southfield,MI,United States,US,2020-11-28T11:15:44-07:00,Legal
11/28/2020 11:06,11/28/2020 11:16,100,559,TRUE,11/28/2020 11:16,R_1hygoUYw6Pi27NG,40.92410278,-74.51399994,0.9,Male,,25-35,White/Caucasian,,>=Bachelor's degree,Yes,Ind./Other,0,Strongly agree,Treatment,Strongly agree,Somewhat agree,Strongly agree,Somewhat disagree,40307,1b-51-30-44-44-8b-43-ab-77-45-92-91-a7-8f-8a-dc,7869,Randolph Township,NJ,United States,US,2020-11-28T11:16:15-07:00,Legal
11/28/2020 11:08,11/28/2020 11:18,100,628,TRUE,11/28/2020 11:18,R_8A2CCTVuT5zqV8t,36.98579407,-79.88279724,0.9,Male,,25-35,White/Caucasian,,Some college,Yes,Ind./Other,1,Strongly agree,Placebo,Strongly agree,Strongly agree,Strongly agree,Somewhat disagree,93795,ed-d1-22-fa-f1-81-d-c0-a0-92-f7-86-c3-a-fb-c2,24151,Rocky Mount,VA,United States,US,2020-11-28T11:18:44-07:00,Legal
11/28/2020 11:11,11/28/2020 11:21,100,618,TRUE,11/28/2020 11:21,R_PCjHh1GIQ2koU9z,36.12620544,-95.94080353,0.9,Male,,25-35,White/Caucasian,,>=Bachelor's degree,Yes,Conservative,1,Strongly agree,Placebo,Strongly agree,Neither agree nor disagree,Strongly agree,Neither agree nor disagree,63170,d2-be-e0-9f-9-40-16-7b-ba-e5-2c-33-ac-4d-ba-b2,74114,Tulsa,OK,United States,US,2020-11-28T11:21:39-07:00,Legal
11/28/2020 11:05,11/28/2020 11:21,100,1008,TRUE,11/28/2020 11:21,R_A1yWMVaKYZGPHGN,34.05439758,-118.2440033,0.9,Female,,25-35,White/Caucasian,,>=Bachelor's degree,Yes,Conservative,1,Somewhat agree,Treatment,Somewhat agree,Strongly agree,Somewhat agree,Somewhat agree,88440,e8-e-b4-f9-35-35-e2-78-41-f3-fb-d5-13-5f-21-30,90009,Los Angeles,CA,United States,US,2020-11-28T11:21:55-07:00,Legal
11/28/2020 11:13,11/28/2020 11:24,100,653,TRUE,11/28/2020 11:24,R_2BszZGSXIscNI3S,34.28489685,-85.22530365,0.9,Female,,25-35,White/Caucasian,,>=Bachelor's degree,Yes,Conservative,1,Somewhat agree,Treatment,Strongly agree,Somewhat agree,Neither agree nor disagree,Strongly agree,69209,a7-a4-8a-b2-ee-d2-e9-f0-ef-3b-76-b0-52-c2-93-d7,30165,Rome,GA,United States,US,2020-11-28T11:24:09-07:00,Legal
11/28/2020 11:00,11/28/2020 11:25,100,1501,TRUE,11/28/2020 11:25,R_5nI8ZhSvY4bLT5D,35.04899597,-89.95189667,0.7,Male,,25-35,White/Caucasian,,High school,Yes,Ind./Other,0,Somewhat agree,Placebo,Strongly agree,Strongly agree,Somewhat agree,Somewhat disagree,16422,b8-26-a7-b1-56-67-2d-29-86-ad-0-f1-bf-ba-d3-6c,38141,Memphis,TN,United States,US,2020-11-28T11:25:25-07:00,Illegal
11/28/2020 11:12,11/28/2020 11:26,100,838,TRUE,11/28/2020 11:26,R_2rT0dJjm1Tm93kF,37.75100708,-97.8219986,0.9,Female,,25-35,White/Caucasian,,>=Bachelor's degree,Yes,Conservative,1,Neither agree nor disagree,Placebo,Neither agree nor disagree,Somewhat agree,Neither agree nor disagree,Neither agree nor disagree,93800,3e-2-c-cf-5c-cd-8-16-1f-80-aa-28-d2-b-a4-32,,,KS,United States,US,2020-11-28T11:26:29-07:00,Illegal
11/28/2020 11:23,11/28/2020 11:29,100,382,TRUE,11/28/2020 11:29,R_1otojzcAT8Lotw7,39.78010559,-86.05570221,0.9,Male,,25-35,White/Caucasian,,Some college,Yes,Conservative,1,Somewhat agree,Treatment,Somewhat agree,Strongly agree,Strongly agree,Strongly disagree,31702,cb-3b-21-11-99-93-5d-b9-60-93-54-2d-51-d4-90-17,46219,Indianapolis,IN,United States,US,2020-11-28T11:29:58-07:00,Legal
11/28/2020 11:26,11/28/2020 11:37,100,655,TRUE,11/28/2020 11:37,R_Qh3ZFDOuH2M6A6t,34.05439758,-118.2440033,0.9,Male,,25-35,White/Caucasian,,>=Bachelor's degree,Yes,Conservative,1,Somewhat agree,Placebo,Strongly agree,Somewhat agree,Strongly agree,Somewhat agree,99042,e-e3-7d-29-18-71-d9-86-6f-67-4d-4-34-9f-e5-f9,90009,Los Angeles,CA,United States,US,2020-11-28T11:37:48-07:00,Legal
11/28/2020 11:28,11/28/2020 11:37,100,564,TRUE,11/28/2020 11:37,R_2qfT8V1727T2AFk,40.706604,-74.20269775,0.9,Male,,25-35,White/Caucasian,,>=Bachelor's degree,Yes,Liberal,1,Somewhat agree,Treatment,Strongly agree,Somewhat agree,Neither agree nor disagree,Somewhat agree,98996,8a-ba-be-a9-eb-b8-1a-66-a2-c8-9b-df-e-cf-41-75,,,NJ,United States,US,2020-11-28T11:37:49-07:00,Legal
11/28/2020 11:34,11/28/2020 11:44,100,600,TRUE,11/28/2020 11:44,R_Cf3b0hyvM6JELux,30.17070007,-95.50189972,0.9,Female,,25-35,White/Caucasian,,>=Bachelor's degree,Yes,Liberal,0,Strongly agree,Placebo,Somewhat disagree,Strongly agree,Strongly agree,Somewhat disagree,56204,fe-b3-48-56-d7-f4-3e-16-df-bf-70-62-e6-90-3c-f9,77382,Spring,TX,United States,US,2020-11-28T11:44:04-07:00,Legal
11/28/2020 11:45,11/28/2020 11:46,100,54,TRUE,11/28/2020 11:46,R_RrX64Mgir5Vs3Dz,30.54359436,-89.68959808,0.9,Male,,25-35,White/Caucasian,,>=Bachelor's degree,Yes,Conservative,1,Strongly agree,Placebo,Somewhat agree,Strongly agree,Neither agree nor disagree,Somewhat agree,93360,13-84-19-2c-30-30-7c-fe-10-1d-63-37-b9-55-1d-cc,39466,Picayune,MS,United States,US,2020-11-28T11:46:21-07:00,Legal
11/28/2020 11:50,11/28/2020 11:54,100,222,TRUE,11/28/2020 11:54,R_pugyP51UV2yJRol,37.2696991,-81.22119904,0.9,Female,,25-35,White/Caucasian,,>=Bachelor's degree,Yes,Liberal,0,Strongly agree,Treatment,Strongly agree,Somewhat agree,Strongly agree,Somewhat disagree,38346,8-17-e9-f6-b7-2-39-1b-e-6f-e1-f6-66-59-51-71,24701,Bluefield,WV,United States,US,2020-11-28T11:54:11-07:00,Legal
11/28/2020 11:53,11/28/2020 11:54,100,77,TRUE,11/28/2020 11:54,R_DSv0t38U0NrcFDH,28.30220032,-82.62640381,0.7,Male,,25-35,White/Caucasian,,High school,Yes,Conservative,1,Strongly agree,Placebo,Strongly agree,Neither agree nor disagree,Somewhat agree,Somewhat disagree,27234,61-c5-5-82-e9-69-96-86-e2-3f-1e-38-73-a4-d-90,34654,New Port Richey,FL,United States,US,2020-11-28T11:54:43-07:00,Legal
11/28/2020 11:49,11/28/2020 11:58,100,561,TRUE,11/28/2020 11:58,R_1gN12XkmCRKb7Pj,29.80969238,-82.46749878,0.7,Male,,25-35,White/Caucasian,,>=Bachelor's degree,Yes,Liberal,0,Strongly agree,Placebo,Somewhat disagree,Somewhat disagree,Neither agree nor disagree,Strongly disagree,70372,97-f5-74-c3-ae-8b-ed-66-6c-a3-14-7a-b2-bf-bc-fe,32615,Alachua,FL,United States,US,2020-11-28T11:58:34-07:00,Legal
11/28/2020 12:00,11/28/2020 12:02,100,153,TRUE,11/28/2020 12:02,R_1lsheWGWjxQ2raE,37.75100708,-97.8219986,0.7,Male,,25-35,Black or African Am.,,>=Bachelor's degree,Yes,Liberal,1,Strongly agree,Treatment,Strongly agree,Strongly agree,Strongly agree,Strongly agree,96824,db-7-6d-9e-1c-c-3d-f-49-a0-67-ae-3d-59-37-89,,,KS,United States,US,2020-11-28T12:02:58-07:00,Illegal
11/28/2020 11:18,11/28/2020 12:09,100,3081,TRUE,11/28/2020 12:09,R_1K2194vPAg008y4,40.79379272,-74.4878006,0.9,Male,,25-35,White/Caucasian,,Some college,No,Ind./Other,1,Strongly agree,Treatment,Strongly agree,Strongly agree,Strongly agree,Strongly disagree,90258,f2-57-7-a5-69-b0-47-ad-2-a0-78-bf-2c-38-3b-b6,7960,Morristown,NJ,United States,US,2020-11-28T12:09:55-07:00,Legal
11/28/2020 12:00,11/28/2020 12:09,100,549,TRUE,11/28/2020 12:09,R_2WBGdIZMNUXxu50,37.51469421,-77.50340271,0.9,Male,,25-35,Hispanic/Latino,,Some college,No,Liberal,1,Somewhat agree,Treatment,Strongly agree,Somewhat disagree,Strongly disagree,Neither agree nor disagree,58441,d1-55-8a-f4-e9-44-56-e4-72-3b-74-b7-d7-56-77-1f,23225,Richmond,VA,United States,US,2020-11-28T12:09:57-07:00,Legal
11/28/2020 12:00,11/28/2020 12:10,100,628,TRUE,11/28/2020 12:10,R_1fjxDIZzYglkyxy,40.87770081,-73.90799713,0.9,Male,,25-35,White/Caucasian,,>=Bachelor's degree,Yes,Liberal,0,Somewhat agree,Placebo,Strongly agree,Somewhat agree,Somewhat agree,Neither agree nor disagree,59031,c7-57-f9-4e-36-16-d6-c9-79-48-92-d9-41-50-8-93,7110,Nutley,NJ,United States,US,2020-11-28T12:10:54-07:00,Legal
11/28/2020 12:02,11/28/2020 12:12,100,571,TRUE,11/28/2020 12:12,R_2YhN2Rz9esoHMo3,61.20489502,-149.8096008,0.9,Male,,25-35,Hispanic/Latino,,>=Bachelor's degree,Yes,Conservative,1,Somewhat agree,Treatment,Neither agree nor disagree,Somewhat agree,Neither agree nor disagree,Somewhat agree,58151,a6-6d-6c-5d-3b-3c-f-83-e-3-ec-ff-43-ec-2f-8c,99508,Anchorage,AK,United States,US,2020-11-28T12:12:10-07:00,Legal
11/28/2020 12:03,11/28/2020 12:18,100,880,TRUE,11/28/2020 12:18,R_1f0DlLBxVVGm23a,35.1013031,-106.5246964,0.9,Male,,25-35,White/Caucasian,,>=Bachelor's degree,Yes,Liberal,0,Somewhat agree,Placebo,Somewhat agree,Strongly disagree,Neither agree nor disagree,Neither agree nor disagree,32286,d8-71-1e-ab-22-55-88-91-a-8d-c4-48-df-a9-2-2,87112,Albuquerque,NM,United States,US,2020-11-28T12:18:07-07:00,Legal
11/28/2020 12:00,11/28/2020 12:19,100,1108,TRUE,11/28/2020 12:19,R_3Rz9YfwB3JDZif8,37.75100708,-97.8219986,0.9,Male,,25-35,White/Caucasian,,>=Bachelor's degree,Yes,Liberal,1,Strongly agree,Placebo,Strongly agree,Somewhat agree,Strongly agree,Somewhat agree,98246,c4-5-5c-a6-ad-a-9d-bc-35-dc-69-c2-9b-a2-99-2b,501,Holtsville,NY,United States,US,2020-11-28T12:19:04-07:00,Legal
11/28/2020 12:02,11/28/2020 12:19,100,1041,TRUE,11/28/2020 12:19,R_ulfmxnowcYNnuJX,29.51829529,-95.09770203,0.9,Male,,25-35,White/Caucasian,,>=Bachelor's degree,Yes,Liberal,1,Strongly agree,Treatment,Somewhat agree,Strongly agree,Neither agree nor disagree,Somewhat agree,70335,ae-14-54-fc-2b-49-ee-a1-c9-e0-62-9-0-66-cc-53,77573,League City,TX,United States,US,2020-11-28T12:19:41-07:00,Legal
11/28/2020 12:10,11/28/2020 12:22,100,767,TRUE,11/28/2020 12:22,R_2rq4TyC351teUew,48.70480347,-95.75039673,0.9,Female,,25-35,White/Caucasian,,Some college,Yes,Ind./Other,1,Somewhat agree,Treatment,Strongly agree,Somewhat agree,Strongly agree,Somewhat disagree,33436,88-bd-26-61-c6-eb-d8-95-dc-68-e5-3d-dc-2d-af-e2,56751,Roseau,MN,United States,US,2020-11-28T12:22:48-07:00,Legal
11/28/2020 12:17,11/28/2020 12:30,100,804,TRUE,11/28/2020 12:30,R_1MWXLzoEa5L3CWx,34.13699341,-118.2375946,0.9,Female,,25-35,Asian,,>=Bachelor's degree,Yes,Liberal,0,Somewhat agree,Placebo,Neither agree nor disagree,Somewhat disagree,Neither agree nor disagree,Neither agree nor disagree,96050,eb-f2-a-bc-c8-e1-87-95-e5-f8-b4-a7-85-18-5f-40,91205,Glendale,CA,United States,US,2020-11-28T12:30:58-07:00,Legal
11/28/2020 12:22,11/28/2020 12:33,100,655,TRUE,11/28/2020 12:33,R_8BvgLxY3wwDb3nX,41.78919983,-88.26200104,0.9,Female,,25-35,White/Caucasian,,>=Bachelor's degree,Yes,Conservative,1,Strongly agree,Treatment,Somewhat agree,Strongly agree,Neither agree nor disagree,Strongly agree,71845,cc-4a-bd-bd-13-f7-1f-c2-7e-72-94-8e-8c-70-d0-1f,60502,Aurora,IL,United States,US,2020-11-28T12:33:02-07:00,Legal
11/28/2020 12:27,11/28/2020 12:36,100,523,TRUE,11/28/2020 12:36,R_3p3IUZTymqu4LoH,42.92849731,-83.6332016,0.9,Female,,25-35,White/Caucasian,,Some college,Yes,Liberal,1,Strongly agree,Treatment,Strongly agree,Somewhat agree,Strongly agree,Somewhat disagree,73169,e6-4d-95-e1-6c-11-1c-25-73-12-59-b6-5-a9-d7-f7,48439,Grand Blanc,MI,United States,US,2020-11-28T12:36:14-07:00,Legal
11/28/2020 12:31,11/28/2020 12:47,100,953,TRUE,11/28/2020 12:47,R_1oFmHeAJixP4CMI,30.35110474,-81.5059967,0.3,Male,,25-35,White/Caucasian,,>=Bachelor's degree,Yes,Liberal,1,Strongly agree,Placebo,Somewhat agree,Strongly agree,Strongly agree,Strongly agree,47848,c2-d9-36-be-6-be-92-c1-1a-38-85-3a-84-15-59-e9,32225,Jacksonville,FL,United States,US,2020-11-28T12:47:33-07:00,Legal
11/28/2020 12:41,11/28/2020 12:51,100,616,TRUE,11/28/2020 12:51,R_3KIUmV2PJrHhGr5,42.18159485,-76.82949829,0.7,Male,,25-35,White/Caucasian,,>=Bachelor's degree,Yes,Conservative,0,Somewhat agree,Placebo,Somewhat agree,Somewhat agree,Somewhat agree,Somewhat disagree,58571,3d-17-6d-7c-49-8b-42-44-f7-c9-16-bf-a0-b5-6f-66,14845,Horseheads,NY,United States,US,2020-11-28T12:51:28-07:00,Legal
11/28/2020 12:09,11/28/2020 13:03,100,3216,TRUE,11/28/2020 13:03,R_2zdRwdhNF4PCXbH,37.75100708,-97.8219986,0.7,Male,,25-35,Black or African Am.,,>=Bachelor's degree,Yes,Liberal,1,Neither agree nor disagree,Treatment,Somewhat agree,Somewhat agree,Somewhat disagree,Somewhat disagree,74847,cb-8a-f5-b9-1c-a2-7b-ec-f6-ab-9f-7c-0-6a-99-bd,,,,Vietnam,Vietnam,2020-11-28T13:03:05-07:00,
11/28/2020 13:00,11/28/2020 13:11,100,645,TRUE,11/28/2020 13:11,R_2E4A3QGl4En2ifm,29.55929565,-97.96309662,0.9,Male,,25-35,Black or African Am.,,>=Bachelor's degree,Yes,Conservative,1,Strongly agree,Treatment,Strongly agree,Somewhat agree,Strongly agree,Somewhat agree,74826,eb-9a-e0-b0-e8-10-95-cf-fd-e5-85-87-b8-ab-4f-61,78155,Seguin,TX,United States,US,2020-11-28T13:11:35-07:00,Legal
11/28/2020 13:49,11/28/2020 14:06,100,1023,TRUE,11/28/2020 14:06,R_1mRCIBzApIB9dX6,34.23190308,-84.16269684,0.9,Male,,25-35,White/Caucasian,,>=Bachelor's degree,Yes,Liberal,1,Strongly agree,Placebo,Somewhat agree,Strongly agree,Strongly agree,Strongly agree,47478,d2-cd-6a-5a-85-53-ed-e3-c4-7e-65-e6-90-11-a1-5c,30040,Cumming,GA,United States,US,2020-11-28T14:06:03-07:00,Legal
11/28/2020 15:03,11/28/2020 15:17,100,795,TRUE,11/28/2020 15:17,R_22J2nnJPT6N0H5I,34.02510071,-118.1556015,0.9,Male,,25-35,Hispanic/Latino,,>=Bachelor's degree,Yes,Liberal,1,Strongly agree,Treatment,Strongly agree,Somewhat disagree,Somewhat agree,Strongly disagree,89663,e7-3c-de-77-6-6a-e9-c7-a5-6e-ad-92-82-b-d9-7e,90022,Los Angeles,CA,United States,US,2020-11-28T15:17:13-07:00,Legal
11/28/2020 11:02,11/28/2020 11:08,100,357,TRUE,11/28/2020 11:08,R_tQzTNDAPG7MVdAJ,38.70739746,-117.0652008,0.9,Female,,35-45,White/Caucasian,,>=Bachelor's degree,Yes,Conservative,1,Somewhat agree,Placebo,Somewhat agree,Neither agree nor disagree,Somewhat agree,Somewhat agree,77635,b1-d2-4e-49-1b-4c-54-c8-e3-a1-e6-81-dc-4a-2f-41,89045,Round Mountain,NV,United States,US,2020-11-28T11:08:39-07:00,Legal
11/28/2020 11:01,11/28/2020 11:11,100,586,TRUE,11/28/2020 11:11,R_22YcpGvH4nspigF,35.17590332,-106.6015015,0.9,Male,,35-45,White/Caucasian,,Some college,Yes,Liberal,1,Strongly agree,Treatment,Somewhat agree,Strongly agree,Somewhat agree,Strongly disagree,45022,1d-9f-9a-72-dd-45-19-1d-0-6d-1e-5a-ff-cf-6f-96,87113,Albuquerque,NM,United States,US,2020-11-28T11:11:17-07:00,Legal
11/28/2020 11:02,11/28/2020 11:11,100,558,TRUE,11/28/2020 11:11,R_a5AvNYTeCCQBXYB,38.06629944,-122.1654968,0.9,Female,,35-45,White/Caucasian,,>=Bachelor's degree,Yes,Liberal,0,Strongly agree,Placebo,Somewhat agree,Somewhat agree,Somewhat agree,Somewhat agree,61290,ab-85-ef-2-64-6b-e4-e5-3c-9d-94-b0-6e-d4-fe-ac,94510,Benicia,CA,United States,US,2020-11-28T11:11:48-07:00,Legal
11/28/2020 11:02,11/28/2020 11:12,100,588,TRUE,11/28/2020 11:12,R_2dNjBNLa9U3RcYm,34.0296936,-84.14689636,0.9,Male,,35-45,Black or African Am.,,>=Bachelor's degree,Yes,Liberal,0,Neither agree nor disagree,Treatment,Strongly agree,Somewhat agree,Somewhat agree,Strongly agree,36147,71-66-fe-45-1a-15-b9-d5-8a-e-ba-a8-c7-6a-53-49,30097,Duluth,GA,United States,US,2020-11-28T11:12:04-07:00,Legal
11/28/2020 11:01,11/28/2020 11:12,100,620,TRUE,11/28/2020 11:12,R_11daF9sPWlJVKJ4,43.63389587,-116.2942047,0.9,Male,,35-45,White/Caucasian,,>=Bachelor's degree,Yes,Liberal,1,Neither agree nor disagree,Placebo,Strongly agree,Strongly agree,Strongly agree,Neither agree nor disagree,91182,c5-f2-38-10-5e-dc-1e-27-ef-6f-43-17-43-4b-d8-27,83646,Meridian,ID,United States,US,2020-11-28T11:12:04-07:00,Illegal
11/28/2020 11:05,11/28/2020 11:12,100,398,TRUE,11/28/2020 11:12,R_3JxX5CFGBcVupgj,29.82839966,-95.46959686,0.5,Female,,35-45,White/Caucasian,,>=Bachelor's degree,Yes,Conservative,1,Strongly agree,Placebo,Strongly agree,Somewhat agree,Strongly agree,Somewhat agree,72043,5d-49-c9-74-f-1a-7a-70-26-7b-62-97-a4-b9-67-14,77092,Houston,TX,United States,US,2020-11-28T11:12:25-07:00,Legal
11/28/2020 11:03,11/28/2020 11:12,100,547,TRUE,11/28/2020 11:12,R_uwt0jDQLcsWr0zL,44.18069458,-88.47599792,0.9,Male,,35-45,Asian,,>=Bachelor's degree,Yes,Ind./Other,0,Strongly agree,Treatment,Somewhat agree,Somewhat disagree,Neither agree nor disagree,Somewhat agree,80573,f3-1a-f4-ba-7d-d4-46-9c-e7-6e-b2-75-fa-d7-cb-70,54956,Neenah,WI,United States,US,2020-11-28T11:12:54-07:00,Legal
11/28/2020 11:03,11/28/2020 11:13,100,557,TRUE,11/28/2020 11:13,R_1lgDriloHvbRwlo,46.85220337,-114.0214005,0.9,Male,,35-45,White/Caucasian,,High school,Yes,Liberal,1,Strongly agree,Placebo,Strongly agree,Somewhat disagree,Neither agree nor disagree,Somewhat agree,79459,9b-b0-b-f8-e8-f-be-94-2f-68-62-47-7b-43-7d-71,59801,Missoula,MT,United States,US,2020-11-28T11:13:00-07:00,Legal
11/28/2020 11:06,11/28/2020 11:13,100,421,TRUE,11/28/2020 11:13,R_3r1yp8PjsXpHOO7,39.58920288,-105.1359024,0.9,Female,,35-45,White/Caucasian,,>=Bachelor's degree,Yes,Conservative,1,Somewhat agree,Treatment,Strongly agree,Somewhat agree,Strongly agree,Somewhat agree,55800,dd-5c-7e-68-d7-6-a6-dc-21-22-cd-40-d1-1d-8c-3e,80127,Littleton,CO,United States,US,2020-11-28T11:13:19-07:00,Legal
11/28/2020 11:02,11/28/2020 11:13,100,667,TRUE,11/28/2020 11:13,R_2Tq0WfbFlUxLSsi,34.03889465,-84.38259888,0.9,Male,,35-45,White/Caucasian,,>=Bachelor's degree,Yes,Conservative,1,Somewhat agree,Placebo,Somewhat agree,Somewhat agree,Somewhat disagree,Somewhat agree,29929,44-66-97-4d-db-fd-f1-98-87-d7-5b-0-ae-37-61-c5,30075,Roswell,GA,United States,US,2020-11-28T11:13:20-07:00,Legal
11/28/2020 11:01,11/28/2020 11:13,100,725,TRUE,11/28/2020 11:13,R_2waDnklVlQgBFMF,33.95489502,-117.6414032,0.9,Male,,35-45,White/Caucasian,,>=Bachelor's degree,Yes,Conservative,1,Strongly agree,Treatment,Somewhat disagree,Strongly agree,Strongly agree,Strongly disagree,77291,a7-af-2c-fc-83-3f-ed-95-75-cd-d5-6b-a5-3d-7b-d6,91708,Chino,CA,United States,US,2020-11-28T11:13:24-07:00,Legal
11/28/2020 11:02,11/28/2020 11:14,100,670,TRUE,11/28/2020 11:14,R_pfmnAN4LJIMWsHD,38.01519775,-84.48940277,0.7,Female,,35-45,White/Caucasian,,>=Bachelor's degree,Yes,Liberal,1,Somewhat agree,Treatment,Strongly agree,Somewhat agree,Somewhat agree,Somewhat agree,23855,a2-51-c8-11-ce-6b-57-d5-90-e3-c3-b-47-27-d4-5d,40502,Lexington,KY,United States,US,2020-11-28T11:14:09-07:00,Legal
11/28/2020 11:02,11/28/2020 11:14,100,744,TRUE,11/28/2020 11:14,R_1g6FiwQF5fxoGjA,32.89460754,-111.7492981,0.9,Male,,35-45,White/Caucasian,,>=Bachelor's degree,Yes,Conservative,1,Somewhat agree,Placebo,Strongly agree,Strongly agree,Somewhat agree,Strongly agree,45910,61-1b-8b-f3-82-c4-a8-14-86-6d-a6-a6-5d-a3-5f-3b,85122,Casa Grande,AZ,United States,US,2020-11-28T11:14:35-07:00,Legal
11/28/2020 11:01,11/28/2020 11:15,100,829,TRUE,11/28/2020 11:15,R_2QEOOMmT39WtdkS,32.14430237,-85.71489716,0.9,Female,,35-45,Black or African Am.,,High school,No,Ind./Other,0,Strongly agree,Placebo,Strongly disagree,Somewhat agree,Somewhat disagree,Strongly agree,40187,77-e8-66-30-6e-c1-8d-f1-95-f8-4b-da-7f-37-33-27,36089,Union Springs,AL,United States,US,2020-11-28T11:15:23-07:00,Legal
11/28/2020 11:01,11/28/2020 11:15,100,851,TRUE,11/28/2020 11:15,R_2anxNVVfWLS9caJ,39.64379883,-84.17430115,0.9,Male,,35-45,White/Caucasian,,>=Bachelor's degree,Yes,Ind./Other,0,Neither agree nor disagree,Placebo,Strongly disagree,Neither agree nor disagree,Neither agree nor disagree,Neither agree nor disagree,54020,2f-4a-57-dc-34-b7-ef-e0-67-8b-38-d8-bd-c9-f0-c4,45459,Dayton,OH,United States,US,2020-11-28T11:15:39-07:00,Legal
11/28/2020 11:02,11/28/2020 11:16,100,836,TRUE,11/28/2020 11:16,R_3MMDujdLml10oov,36.28619385,-95.8227005,0.9,Male,,35-45,Black or African Am.,,>=Bachelor's degree,Yes,Conservative,0,Strongly agree,Treatment,Strongly agree,Somewhat agree,Somewhat agree,Strongly agree,11094,70-14-d1-e6-ff-7f-18-c9-c4-83-56-38-5b-c2-fa-b3,74055,Owasso,OK,United States,US,2020-11-28T11:16:06-07:00,Legal
11/28/2020 11:04,11/28/2020 11:16,100,720,TRUE,11/28/2020 11:16,R_1itExM0xRKJEEAy,28.62249756,-81.43170166,0.9,Male,,35-45,White/Caucasian,,>=Bachelor's degree,Yes,Liberal,0,Strongly agree,Treatment,Strongly agree,Strongly agree,Strongly agree,Neither agree nor disagree,16474,c4-f6-dd-85-da-73-60-fa-17-1a-14-29-5b-1d-97-2a,32810,Orlando,FL,United States,US,2020-11-28T11:16:41-07:00,Legal
11/28/2020 11:08,11/28/2020 11:18,100,582,TRUE,11/28/2020 11:18,R_1gLNIPgHNfjYxu9,29.52099609,-98.36199951,0.9,Male,,35-45,Hispanic/Latino,,>=Bachelor's degree,Yes,Conservative,1,Neither agree nor disagree,Treatment,Somewhat agree,Somewhat agree,Somewhat agree,Strongly disagree,48787,8a-b6-9c-73-0-20-2f-2-21-f8-36-db-a6-a3-42-88,78239,San Antonio,TX,United States,US,2020-11-28T11:18:07-07:00,Legal
11/28/2020 11:03,11/28/2020 11:18,100,927,TRUE,11/28/2020 11:18,R_1Ii3oo9oEqr9MDj,40.40330505,-80.18419647,0.9,Male,,35-45,Black or African Am.,,>=Bachelor's degree,Yes,Liberal,0,Strongly agree,Placebo,Somewhat agree,Strongly agree,Somewhat agree,Strongly agree,87007,c3-f3-ec-23-b7-15-b7-d-ac-85-1d-80-f7-2c-bb-ae,15136,Pittsburgh,PA,United States,US,2020-11-28T11:18:38-07:00,Legal
11/28/2020 11:09,11/28/2020 11:18,100,554,TRUE,11/28/2020 11:18,R_31MDDEhEe0so6eT,40.43249512,-79.86299896,0.9,Female,,35-45,White/Caucasian,,>=Bachelor's degree,Yes,Liberal,1,Strongly agree,Treatment,Somewhat agree,Somewhat agree,Strongly agree,Strongly disagree,99426,ad-cc-ea-8b-e0-98-bb-e7-4d-d0-9c-41-18-fa-b9-f2,15221,Pittsburgh,PA,United States,US,2020-11-28T11:18:56-07:00,Legal
11/28/2020 11:11,11/28/2020 11:20,100,551,TRUE,11/28/2020 11:20,R_2zUXbKgCZWEWHv2,41.51899719,-71.16200256,0.9,Female,,35-45,White/Caucasian,,High school,Yes,Liberal,1,Somewhat agree,Placebo,Strongly disagree,Strongly agree,Somewhat agree,Strongly disagree,32489,ac-5-4e-2e-56-18-7a-3-84-a5-64-10-b5-70-72-ea,2837,Little Compton,RI,United States,US,2020-11-28T11:20:24-07:00,Legal
11/28/2020 11:11,11/28/2020 11:20,100,533,TRUE,11/28/2020 11:20,R_2b1V9laDjkSB1Hv,36.14300537,-80.30729675,0.3,Male,,35-45,White/Caucasian,,>=Bachelor's degree,Yes,Ind./Other,0,Somewhat agree,Treatment,Somewhat disagree,Somewhat agree,Neither agree nor disagree,Neither agree nor disagree,28882,0-6a-16-fc-38-69-53-20-f1-1f-c9-9e-ed-2f-7-b2,27106,Winston-Salem,NC,United States,US,2020-11-28T11:20:51-07:00,Illegal
11/28/2020 11:11,11/28/2020 11:23,100,771,TRUE,11/28/2020 11:23,R_1CC76ygFu1SbIul,38.99940491,-77.03359985,0.9,Female,,35-45,Hispanic/Latino,,>=Bachelor's degree,Yes,Conservative,1,Strongly agree,Treatment,Strongly agree,Somewhat agree,Strongly agree,Strongly agree,31576,8f-f8-c7-5d-9d-3e-29-58-39-67-83-bc-de-85-ec-a8,20901,Silver Spring,MD,United States,US,2020-11-28T11:23:53-07:00,Legal
11/28/2020 11:13,11/28/2020 11:24,100,633,TRUE,11/28/2020 11:24,R_1K3X94y3d8oDBvS,28.91070557,-81.1957016,0.9,Female,,35-45,White/Caucasian,,High school,Yes,Conservative,1,Strongly agree,Placebo,Somewhat agree,Somewhat disagree,Somewhat agree,Somewhat disagree,50332,f6-50-d9-73-22-d2-a6-2d-46-1a-f8-87-cd-56-ec-61,32738,Deltona,FL,United States,US,2020-11-28T11:24:04-07:00,Legal
11/28/2020 11:13,11/28/2020 11:24,100,645,TRUE,11/28/2020 11:24,R_2WMEvB2kXrXLGNl,30.00390625,-90.12290192,0.9,Male,,35-45,White/Caucasian,,>=Bachelor's degree,Yes,Conservative,1,Somewhat agree,Placebo,Neither agree nor disagree,Somewhat agree,Neither agree nor disagree,Somewhat agree,54418,f7-67-d9-88-17-cc-ec-96-3e-c4-9e-d1-87-12-9-7d,70001,Metairie,LA,United States,US,2020-11-28T11:24:40-07:00,Legal
11/28/2020 11:15,11/28/2020 11:24,100,583,TRUE,11/28/2020 11:24,R_2YMo5kNjEhgZhHK,40.8822937,-74.21520233,0.9,Female,,35-45,White/Caucasian,,>=Bachelor's degree,Yes,Liberal,1,Strongly agree,Placebo,Somewhat agree,Somewhat disagree,Somewhat agree,Neither agree nor disagree,42324,52-bc-0-8-71-54-63-d6-25-ca-ad-11-da-94-33-21,7424,Little Falls,NJ,United States,US,2020-11-28T11:24:53-07:00,Legal
11/28/2020 11:13,11/28/2020 11:25,100,706,TRUE,11/28/2020 11:25,R_XYgR6cIXJFTNvuF,40.83120728,-73.90670013,0.9,Male,,35-45,White/Caucasian,,Some college,No,Ind./Other,0,Strongly agree,Treatment,Somewhat disagree,Neither agree nor disagree,Strongly agree,Somewhat agree,14715,41-cd-81-74-51-fd-76-18-58-76-5-f0-e4-9b-75-ab,10456,The Bronx,NY,United States,US,2020-11-28T11:25:34-07:00,Legal
11/28/2020 11:15,11/28/2020 11:26,100,614,TRUE,11/28/2020 11:26,R_1gjcpQcpGkhBSYN,39.0151062,-95.64019775,0.9,Female,,35-45,Other,multiracial,>=Bachelor's degree,Yes,Conservative,1,Neither agree nor disagree,Treatment,Neither agree nor disagree,Somewhat disagree,Somewhat agree,Somewhat disagree,36879,8f-72-2-1f-64-e6-ea-9f-fd-39-12-cd-5a-92-64-6b,66609,Topeka,KS,United States,US,2020-11-28T11:26:07-07:00,Illegal
11/28/2020 11:07,11/28/2020 11:26,100,1120,TRUE,11/28/2020 11:26,R_1KwBU5aQql99z3E,34.05439758,-118.2440033,0.5,Female,,35-45,White/Caucasian,,>=Bachelor's degree,Yes,Conservative,1,Somewhat agree,Treatment,Strongly agree,Somewhat disagree,Somewhat agree,Somewhat agree,76796,2-9-2b-dd-e9-cb-c7-ae-b9-3-79-39-b8-e8-76-d0,90009,Los Angeles,CA,United States,US,2020-11-28T11:26:10-07:00,Legal
11/28/2020 11:19,11/28/2020 11:29,100,566,TRUE,11/28/2020 11:29,R_2Y8FT7sxFQV7wxS,38.38699341,-104.7791977,0.9,Female,,35-45,White/Caucasian,,>=Bachelor's degree,Yes,Liberal,0,Somewhat agree,Placebo,Somewhat agree,Strongly agree,Strongly agree,Somewhat disagree,86259,f-ee-69-29-ee-eb-d7-50-81-4e-e8-6e-4-cc-e7-1c,81003,Pueblo,CO,United States,US,2020-11-28T11:29:25-07:00,Legal
11/28/2020 11:26,11/28/2020 11:35,100,527,TRUE,11/28/2020 11:35,R_R32BxesLJMigdAB,40.76519775,-73.95880127,0.9,Male,,35-45,Asian,,>=Bachelor's degree,Yes,Liberal,0,Somewhat agree,Treatment,Somewhat agree,Somewhat agree,Somewhat agree,Somewhat disagree,84926,f4-bd-6b-cf-8a-2d-2b-97-b6-1b-8c-2f-b4-f9-d3-7d,10003,New York,NY,United States,US,2020-11-28T11:35:14-07:00,Legal
11/28/2020 11:36,11/28/2020 11:46,100,603,TRUE,11/28/2020 11:46,R_1eY2iqcwYdwho2s,28.25309753,-81.65090179,0.9,Male,,35-45,Black or African Am.,,Some college,Yes,Conservative,1,Strongly agree,Placebo,Somewhat agree,Somewhat agree,Strongly agree,Somewhat agree,17798,41-4a-66-11-d4-aa-be-36-1a-9f-bc-6d-31-63-fb-fa,33896,Davenport,FL,United States,US,2020-11-28T11:46:17-07:00,Legal
11/28/2020 11:36,11/28/2020 11:47,100,649,TRUE,11/28/2020 11:47,R_3MtByiotfQfPRzM,40.78520203,-73.80979919,0.9,Female,,35-45,White/Caucasian,,>=Bachelor's degree,Yes,Liberal,0,Somewhat agree,Treatment,Somewhat agree,Somewhat agree,Somewhat agree,Somewhat disagree,20788,fb-29-5e-fa-1-63-77-b7-7f-1-c3-90-37-a3-57-18,11355,Queens,NY,United States,US,2020-11-28T11:47:27-07:00,Legal
11/28/2020 11:41,11/28/2020 11:47,100,364,TRUE,11/28/2020 11:47,R_2vkXS9BqX7V8tZr,39.19650269,-106.8228989,0.9,Male,,35-45,White/Caucasian,,>=Bachelor's degree,Yes,Liberal,1,Strongly agree,Placebo,Strongly agree,Somewhat agree,Strongly agree,Somewhat agree,98337,ad-d0-d9-fc-13-1a-e8-da-72-37-d2-19-fb-2-49-ac,81611,Aspen,CO,United States,US,2020-11-28T11:47:55-07:00,Legal
11/28/2020 11:36,11/28/2020 11:48,100,689,TRUE,11/28/2020 11:48,R_2TMHgy6LyISYJnT,39.86160278,-88.9355011,0.9,Male,,35-45,White/Caucasian,,High school,Yes,Liberal,0,Somewhat disagree,Placebo,Strongly agree,Strongly agree,Strongly agree,Strongly disagree,31746,6e-32-a5-ec-de-71-89-3b-5b-3a-12-19-58-a4-9b-85,62526,Decatur,IL,United States,US,2020-11-28T11:48:13-07:00,Legal
11/28/2020 11:48,11/28/2020 11:57,100,533,TRUE,11/28/2020 11:57,R_OvB9SXXbqgwP6ZH,39.6519928,-79.94439697,0.9,Female,,35-45,White/Caucasian,,>=Bachelor's degree,No,Conservative,0,Somewhat agree,Treatment,Strongly agree,Strongly agree,Strongly agree,Strongly disagree,27788,3f-da-18-51-65-b7-cf-3-53-89-d0-c8-e4-3d-16-2d,26505,Morgantown,WV,United States,US,2020-11-28T11:57:18-07:00,Legal
11/28/2020 11:47,11/28/2020 11:58,100,668,TRUE,11/28/2020 11:58,R_1jVy8jxe05bJqRY,37.16799927,-93.30390167,0.9,Male,,35-45,White/Caucasian,,High school,Yes,Liberal,1,Strongly agree,Treatment,Strongly agree,Somewhat agree,Strongly agree,Somewhat disagree,25294,77-7a-73-a2-c6-9d-ae-59-d1-75-ac-b7-33-a8-47-a2,65807,Springfield,MO,United States,US,2020-11-28T11:58:34-07:00,Legal
11/28/2020 12:07,11/28/2020 12:10,100,215,TRUE,11/28/2020 12:10,R_2h1FNXe7uNMA2jf,40.74159241,-84.15219879,0.9,Male,,35-45,White/Caucasian,,Some college,Yes,Conservative,1,Strongly agree,Placebo,Strongly agree,Somewhat agree,Strongly agree,Strongly disagree,36055,88-aa-e5-55-b4-7c-e8-56-a7-bc-d6-52-f9-29-99-5b,45805,Lima,OH,United States,US,2020-11-28T12:10:45-07:00,Legal
11/28/2020 12:26,11/28/2020 12:35,100,544,TRUE,11/28/2020 12:35,R_wRD7yULxjNRn1rH,33.19760132,-96.61779785,0.9,Male,,35-45,Hispanic/Latino,,>=Bachelor's degree,Yes,Liberal,1,Somewhat agree,Treatment,Somewhat agree,Strongly agree,Somewhat agree,Somewhat disagree,71440,bd-11-c4-66-94-6e-ea-b6-7f-5d-df-f2-83-7a-96-2f,75069,McKinney,TX,United States,US,2020-11-28T12:35:27-07:00,Legal
11/28/2020 12:18,11/28/2020 12:36,100,1057,TRUE,11/28/2020 12:36,R_yUTQ3Z6qImGI6MV,39.12640381,-83.00489807,0.9,Male,,35-45,White/Caucasian,,>=Bachelor's degree,Yes,Liberal,1,Strongly agree,Placebo,Strongly agree,Strongly agree,Strongly agree,Strongly agree,97130,24-35-f-82-38-0-30-25-25-b2-19-f6-3e-1b-70-35,45690,Waverly,OH,United States,US,2020-11-28T12:36:23-07:00,Legal
11/28/2020 12:31,11/28/2020 12:40,100,536,TRUE,11/28/2020 12:40,R_RePvE7OWKviO8pj,40.02330017,-83.08589935,0.9,Male,,35-45,White/Caucasian,,>=Bachelor's degree,Yes,Ind./Other,1,Somewhat agree,Treatment,Somewhat agree,Somewhat agree,Strongly agree,Somewhat disagree,15838,e7-f1-56-66-2-40-18-c0-d0-74-81-23-3b-3c-31-c9,43221,Columbus,OH,United States,US,2020-11-28T12:40:38-07:00,Legal
11/28/2020 13:04,11/28/2020 13:19,100,952,TRUE,11/28/2020 13:19,R_31LroRjFwgXm6yl,38.68310547,-89.98419952,0.9,Female,,35-45,White/Caucasian,,>=Bachelor's degree,Yes,Conservative,1,Somewhat agree,Placebo,Somewhat disagree,Somewhat agree,Strongly agree,Somewhat disagree,97235,3d-a5-13-b0-a7-d1-71-39-a7-7b-5d-7d-8c-b1-1a-12,62269,O'Fallon,IL,United States,US,2020-11-28T13:19:56-07:00,Legal
11/28/2020 13:11,11/28/2020 13:21,100,567,TRUE,11/28/2020 13:21,R_DTyl2wqk7JoSDIZ,36.021698,-79.7838974,0.9,Female,,35-45,White/Caucasian,,High school,No,Liberal,0,Strongly agree,Treatment,Somewhat disagree,Strongly disagree,Strongly agree,Somewhat agree,53828,34-43-64-bd-1b-b2-4c-c9-de-e3-21-6b-84-bd-e5-db,27406,Greensboro,NC,United States,US,2020-11-28T13:21:11-07:00,Illegal
11/28/2020 11:06,11/28/2020 11:09,100,210,TRUE,11/28/2020 11:09,R_2QXNDX6JrcyS6cZ,33.873703,-118.2360001,0.9,Male,,45-55,White/Caucasian,,>=Bachelor's degree,Yes,Conservative,1,Somewhat agree,Treatment,Strongly agree,Somewhat agree,Strongly agree,Somewhat agree,58032,89-58-83-a1-d8-a1-92-0-79-99-88-f6-a3-44-89-cc,90220,Compton,CA,United States,US,2020-11-28T11:09:32-07:00,Legal
11/28/2020 11:04,11/28/2020 11:09,100,307,TRUE,11/28/2020 11:09,R_udYUNIgsn3totax,36.17379761,-94.04660034,0.9,Female,,45-55,Hispanic/Latino,,>=Bachelor's degree,Yes,Liberal,1,Strongly agree,Placebo,Somewhat agree,Strongly agree,Strongly agree,Neither agree nor disagree,87510,51-9b-18-49-9d-c9-29-4f-76-90-ae-a4-b3-59-29-69,72764,Springdale,AR,United States,US,2020-11-28T11:09:34-07:00,Legal
11/28/2020 11:02,11/28/2020 11:09,100,431,TRUE,11/28/2020 11:09,R_3oZ0QA35EoWPiK5,30.456604,-84.32230377,0.7,Female,,45-55,White/Caucasian,,>=Bachelor's degree,Yes,Conservative,1,Strongly agree,Treatment,Somewhat agree,Neither agree nor disagree,Strongly agree,Neither agree nor disagree,33137,b6-fb-6e-5d-d6-bf-5a-e4-84-6f-30-8-81-8f-c4-e7,32304,Tallahassee,FL,United States,US,2020-11-28T11:09:47-07:00,Legal
11/28/2020 11:02,11/28/2020 11:10,100,503,TRUE,11/28/2020 11:10,R_1d63cs0HIhrumGI,28.24020386,-82.69999695,0.9,Male,,45-55,White/Caucasian,,>=Bachelor's degree,Yes,Conservative,1,Somewhat agree,Placebo,Somewhat disagree,Neither agree nor disagree,Neither agree nor disagree,Somewhat agree,89072,a7-73-82-ec-80-85-5e-c9-21-23-41-a0-60-2c-df-72,34653,New Port Richey,FL,United States,US,2020-11-28T11:10:45-07:00,Legal
11/28/2020 11:03,11/28/2020 11:11,100,491,TRUE,11/28/2020 11:11,R_XYOCdjW8JnQ7AD7,21.43370056,-158.1766968,0.9,Male,,45-55,White/Caucasian,,>=Bachelor's degree,Yes,Liberal,1,Somewhat agree,Placebo,Strongly agree,Somewhat agree,Somewhat agree,Strongly agree,64947,fb-3f-8f-5f-5d-6b-4a-24-40-45-2d-1a-79-29-f4-d0,96792,Waianae,HI,United States,US,2020-11-28T11:11:15-07:00,Legal
11/28/2020 11:02,11/28/2020 11:11,100,531,TRUE,11/28/2020 11:11,R_1E0wloykGAfwewh,39.72770691,-104.9814987,0.9,Female,,45-55,Asian,,>=Bachelor's degree,Yes,Ind./Other,1,Strongly agree,Placebo,Strongly agree,Strongly agree,Strongly agree,Strongly agree,19932,51-8d-cc-6b-5-f8-4a-40-82-35-1d-e-15-38-5e-be,80203,Denver,CO,United States,US,2020-11-28T11:11:16-07:00,Legal
11/28/2020 11:03,11/28/2020 11:12,100,561,TRUE,11/28/2020 11:12,R_1iteDcBbOP4t1Q2,33.92419434,-116.8853989,0.7,Male,,45-55,White/Caucasian,,>=Bachelor's degree,Yes,Conservative,1,Strongly agree,Placebo,Strongly agree,Somewhat agree,Strongly agree,Somewhat disagree,53819,50-e3-18-e8-b6-df-55-b0-b2-2-e5-2c-85-9d-3d-be,92220,Banning,CA,United States,US,2020-11-28T11:12:32-07:00,Legal
11/28/2020 11:05,11/28/2020 11:12,100,439,TRUE,11/28/2020 11:12,R_1hznrB86HKqA7Qo,32.78889465,-96.80210114,0.9,Male,,45-55,White/Caucasian,,>=Bachelor's degree,Yes,Conservative,1,Somewhat agree,Placebo,Strongly agree,Somewhat disagree,Strongly agree,Neither agree nor disagree,70002,a0-8c-83-59-bc-c2-a6-be-58-a0-9-d6-46-a-72-f0,75201,Dallas,TX,United States,US,2020-11-28T11:12:37-07:00,Legal
11/28/2020 11:03,11/28/2020 11:12,100,571,TRUE,11/28/2020 11:12,R_1LG70eIkXfmg7Ai,38.42720032,-121.4420013,0.9,Female,,45-55,White/Caucasian,,>=Bachelor's degree,Yes,Liberal,1,Somewhat agree,Treatment,Strongly agree,Somewhat agree,Strongly agree,Neither agree nor disagree,67223,2d-16-2b-4c-3e-57-eb-4c-ce-98-eb-82-9e-91-8e-4b,95758,Elk Grove,CA,United States,US,2020-11-28T11:12:48-07:00,Legal
11/28/2020 11:03,11/28/2020 11:13,100,613,TRUE,11/28/2020 11:13,R_3jThXAf82Th3w9u,42.72390747,-83.42320251,0.9,Male,,45-55,White/Caucasian,,>=Bachelor's degree,Yes,Liberal,0,Strongly agree,Placebo,Neither agree nor disagree,Somewhat disagree,Somewhat agree,Neither agree nor disagree,78613,36-e7-5b-b8-21-84-31-c4-99-31-cd-27-ec-74-89-e3,48346,Clarkston,MI,United States,US,2020-11-28T11:13:21-07:00,Legal
11/28/2020 11:03,11/28/2020 11:13,100,624,TRUE,11/28/2020 11:13,R_3ksMeXB0O90opnp,40.00349426,-82.67259979,0.9,Male,,45-55,White/Caucasian,,High school,Yes,Ind./Other,0,Strongly agree,Placebo,Somewhat agree,Somewhat disagree,Neither agree nor disagree,Neither agree nor disagree,12103,81-d6-b4-bd-c-ba-1d-24-aa-d8-6c-25-79-ff-d7-16,43062,Pataskala,OH,United States,US,2020-11-28T11:13:48-07:00,Legal
11/28/2020 11:03,11/28/2020 11:14,100,667,TRUE,11/28/2020 11:14,R_9S1MWxyT2R4Da7L,42.21960449,-83.604599,0.9,Female,,45-55,White/Caucasian,,>=Bachelor's degree,Yes,Liberal,0,Strongly agree,Treatment,Somewhat agree,Somewhat disagree,Neither agree nor disagree,Neither agree nor disagree,69694,13-55-d6-d5-2b-7d-a0-a2-f0-7b-6c-2e-ff-72-3f-9e,48197,Ypsilanti,MI,United States,US,2020-11-28T11:14:36-07:00,Legal
11/28/2020 11:03,11/28/2020 11:15,100,685,TRUE,11/28/2020 11:15,R_293Kne4GFVD58yk,41.58760071,-93.61940002,0.9,Male,,45-55,Hispanic/Latino,,>=Bachelor's degree,Yes,Liberal,1,Neither agree nor disagree,Placebo,Somewhat agree,Strongly agree,Somewhat agree,Strongly agree,91194,af-44-d5-f0-f5-39-80-8b-7b-ee-e4-ec-16-54-ab-cd,50309,Des Moines,IA,United States,US,2020-11-28T11:15:05-07:00,Legal
11/28/2020 11:03,11/28/2020 11:15,100,703,TRUE,11/28/2020 11:15,R_vxELndl6FLRm6dP,44.09689331,-70.18630219,0.7,Female,,45-55,White/Caucasian,,Some college,Yes,Conservative,1,Somewhat disagree,Treatment,Strongly agree,Strongly disagree,Somewhat agree,Somewhat agree,10854,84-3c-b0-92-45-f0-b0-53-7e-47-13-1b-a6-4f-46-60,4240,Lewiston,ME,United States,US,2020-11-28T11:15:11-07:00,Legal
11/28/2020 11:05,11/28/2020 11:15,100,611,TRUE,11/28/2020 11:15,R_2sbcdyhkT7ErbOF,33.39500427,-86.83480072,0.5,Female,,45-55,Hispanic/Latino,,>=Bachelor's degree,Yes,Conservative,1,Strongly agree,Treatment,Somewhat agree,Neither agree nor disagree,Strongly agree,Somewhat agree,31487,f6-a1-a2-49-46-d-ef-f1-1a-50-a1-bc-94-dd-d7-de,35216,Birmingham,AL,United States,US,2020-11-28T11:15:17-07:00,Legal
11/28/2020 11:08,11/28/2020 11:16,100,464,TRUE,11/28/2020 11:16,R_265u6Blm6JQFY1B,39.03700256,-77.04119873,0.9,Male,,45-55,Black or African Am.,,>=Bachelor's degree,Yes,Conservative,1,Strongly agree,Treatment,Strongly agree,Somewhat agree,Strongly agree,Somewhat agree,78140,6d-66-98-bc-d9-a9-3d-7e-b1-2c-b5-a0-1f-d4-9b-2b,20902,Silver Spring,MD,United States,US,2020-11-28T11:16:10-07:00,Legal
11/28/2020 11:04,11/28/2020 11:17,100,733,TRUE,11/28/2020 11:17,R_2DZfokIbJ1TVImN,34.77290344,-112.4736023,0.9,Female,,45-55,White/Caucasian,,>=Bachelor's degree,Yes,Conservative,0,Strongly agree,Treatment,Somewhat agree,Somewhat agree,Strongly agree,Somewhat disagree,41046,99-0-30-a4-56-5d-5e-95-0-ae-d3-49-24-65-6c-b6,86323,Chino Valley,AZ,United States,US,2020-11-28T11:17:06-07:00,Legal
11/28/2020 11:05,11/28/2020 11:17,100,722,TRUE,11/28/2020 11:17,R_77JKVOaXa4Xiq1H,33.52310181,-84.35790253,0.9,Female,,45-55,Black or African Am.,,>=Bachelor's degree,Yes,Liberal,1,Somewhat agree,Placebo,Somewhat agree,Somewhat agree,Somewhat agree,Somewhat disagree,94037,b3-1c-3e-7-cc-b2-da-bd-d9-7-94-5c-62-f1-41-ea,30236,Jonesboro,GA,United States,US,2020-11-28T11:17:11-07:00,Legal
11/28/2020 11:07,11/28/2020 11:18,100,636,TRUE,11/28/2020 11:18,R_2OOskTroIbXViDP,28.02059937,-82.45739746,0.9,Male,,45-55,White/Caucasian,,>=Bachelor's degree,Yes,Conservative,1,Somewhat agree,Placebo,Somewhat agree,Somewhat agree,Somewhat agree,Somewhat agree,94169,ef-0-a5-f0-87-31-b8-1a-c8-34-d9-ad-1e-ff-9c-83,33604,Tampa,FL,United States,US,2020-11-28T11:18:20-07:00,Legal
11/28/2020 11:10,11/28/2020 11:19,100,594,TRUE,11/28/2020 11:19,R_3Odb9Sg0zq6lgJU,37.33920288,-77.41750336,0.9,Female,,45-55,White/Caucasian,,Some college,Yes,Liberal,0,Somewhat agree,Placebo,Somewhat agree,Strongly agree,Strongly agree,Somewhat agree,68003,9e-74-b2-54-e5-c3-97-62-e5-0-23-31-ee-d1-22-68,23831,Chester,VA,United States,US,2020-11-28T11:19:55-07:00,Legal
11/28/2020 11:08,11/28/2020 11:20,100,672,TRUE,11/28/2020 11:20,R_V2yQjwXd1Rfy0H7,39.07150269,-76.69629669,0.9,Female,,45-55,White/Caucasian,,>=Bachelor's degree,Yes,Liberal,1,Strongly agree,Placebo,Somewhat disagree,Somewhat disagree,Somewhat agree,Strongly agree,75651,d8-e9-8e-2a-2c-43-7-44-72-9b-e3-0-49-8b-13-7b,21113,Odenton,MD,United States,US,2020-11-28T11:20:01-07:00,Legal
11/28/2020 11:11,11/28/2020 11:21,100,568,TRUE,11/28/2020 11:21,R_1IoWfFM5cUIhkCg,34.23190308,-84.16269684,0.9,Male,,45-55,Hispanic/Latino,,>=Bachelor's degree,Yes,Conservative,1,Strongly agree,Placebo,Strongly disagree,Neither agree nor disagree,Somewhat agree,Neither agree nor disagree,92169,36-a1-ff-8d-f8-7a-20-b7-41-80-3f-f4-78-94-1a-69,30040,Cumming,GA,United States,US,2020-11-28T11:21:16-07:00,Legal
11/28/2020 11:11,11/28/2020 11:21,100,612,TRUE,11/28/2020 11:21,R_yw37fmdb9OJEWHf,38.40249634,-78.63210297,0.9,Female,,45-55,White/Caucasian,,High school,Yes,Liberal,1,Strongly agree,Placebo,Strongly agree,Somewhat agree,Strongly agree,Neither agree nor disagree,74927,ba-6c-ff-d5-11-5e-e-9e-c7-bb-c3-87-79-21-69-55,22827,Elkton,VA,United States,US,2020-11-28T11:21:38-07:00,Legal
11/28/2020 11:05,11/28/2020 11:22,100,1029,TRUE,11/28/2020 11:22,R_3dQW9FppWqKU1uY,34.05439758,-118.2440033,0.9,Male,,45-55,White/Caucasian,,>=Bachelor's degree,Yes,Liberal,1,Strongly agree,Treatment,Strongly agree,Strongly agree,Strongly agree,Strongly agree,13378,ec-32-b0-5b-61-81-98-94-bc-2b-51-6f-96-c3-36-23,90009,Los Angeles,CA,United States,US,2020-11-28T11:22:59-07:00,Legal
11/28/2020 11:10,11/28/2020 11:23,100,756,TRUE,11/28/2020 11:23,R_W2tOeyUiw0a4uPv,29.52099609,-98.36199951,0.9,Male,,45-55,White/Caucasian,,>=Bachelor's degree,Yes,Conservative,1,Somewhat agree,Treatment,Somewhat agree,Somewhat agree,Strongly agree,Somewhat agree,23259,9b-c9-48-77-de-9d-ad-ce-21-b5-a-d6-e1-38-df-9e,78239,San Antonio,TX,United States,US,2020-11-28T11:23:11-07:00,Legal
11/28/2020 11:05,11/28/2020 11:23,100,1114,TRUE,11/28/2020 11:23,R_ebAmXd7EMHoSvLz,44.88650513,-68.71720123,0.9,Male,,45-55,Black or African Am.,,>=Bachelor's degree,Yes,Liberal,0,Somewhat agree,Treatment,Somewhat agree,Strongly agree,Somewhat agree,Strongly agree,71250,a2-8f-16-13-82-c6-94-18-36-1-4f-4f-97-ea-91-9d,4473,Orono,ME,United States,US,2020-11-28T11:23:41-07:00,Legal
11/28/2020 11:06,11/28/2020 11:25,100,1140,TRUE,11/28/2020 11:25,R_WunQuBbZmzws0E1,34.05439758,-118.2440033,0.9,Male,,45-55,White/Caucasian,,>=Bachelor's degree,Yes,Liberal,1,Strongly agree,Treatment,Strongly agree,Strongly agree,Strongly agree,Strongly agree,29471,50-67-26-2a-d5-b9-74-4-8-5e-1f-8e-95-b7-82-a3,90009,Los Angeles,CA,United States,US,2020-11-28T11:25:01-07:00,Legal
11/28/2020 11:04,11/28/2020 11:25,100,1271,TRUE,11/28/2020 11:25,R_3fPM168net9zh8v,44.90049744,-93.28849792,0.7,Female,,45-55,White/Caucasian,,>=Bachelor's degree,Yes,Conservative,1,Somewhat agree,Treatment,Somewhat agree,Somewhat agree,Neither agree nor disagree,Somewhat agree,92324,c-92-e9-e6-8e-96-a9-1e-a7-82-5c-fb-4a-f3-e2-36,55410,Minneapolis,MN,United States,US,2020-11-28T11:25:36-07:00,Legal
11/28/2020 11:05,11/28/2020 11:25,100,1192,TRUE,11/28/2020 11:25,R_1PSm7nWObOkudG3,34.05439758,-118.2440033,0.9,Female,,45-55,White/Caucasian,,>=Bachelor's degree,Yes,Liberal,1,Strongly agree,Placebo,Strongly agree,Strongly agree,Strongly agree,Strongly agree,68780,6e-5c-c8-6a-56-57-7f-d5-97-3a-4f-86-6a-95-94-e9,90009,Los Angeles,CA,United States,US,2020-11-28T11:25:44-07:00,Legal
11/28/2020 11:17,11/28/2020 11:27,100,618,TRUE,11/28/2020 11:27,R_2qDkgAROEOXLfvy,40.17880249,-77.00469971,0.9,Female,,45-55,Other,multi,>=Bachelor's degree,Yes,Liberal,1,Strongly agree,Placebo,Strongly agree,Strongly agree,Neither agree nor disagree,Strongly disagree,18570,40-b3-5c-b7-37-93-e4-ab-dd-4d-d-ce-bb-e-7d-77,17055,Mechanicsburg,PA,United States,US,2020-11-28T11:27:43-07:00,Legal
11/28/2020 11:21,11/28/2020 11:30,100,568,TRUE,11/28/2020 11:30,R_3Pv03vuJaknJAWM,36.3401947,-79.66220093,0.9,Male,,45-55,White/Caucasian,,Some college,Yes,Ind./Other,1,Strongly agree,Treatment,Strongly agree,Strongly disagree,Somewhat agree,Strongly disagree,93955,fd-a9-6a-3e-38-82-9-8a-78-e4-c5-ec-d9-4f-7f-71,27320,Reidsville,NC,United States,US,2020-11-28T11:30:40-07:00,Illegal
11/28/2020 11:25,11/28/2020 11:36,100,696,TRUE,11/28/2020 11:36,R_pLhlVrikz6qnDAR,33.8000946,-117.9949036,0.1,Female,,45-55,White/Caucasian,,>=Bachelor's degree,Yes,Conservative,0,Strongly agree,Placebo,Strongly agree,Somewhat agree,Strongly agree,Strongly agree,53319,70-1a-a8-d1-d1-e0-aa-27-e3-7-65-fb-b8-1b-4d-69,90680,Stanton,CA,United States,US,2020-11-28T11:36:55-07:00,Legal
11/28/2020 11:37,11/28/2020 11:48,100,631,TRUE,11/28/2020 11:48,R_115guZUdSO4QOZA,33.65629578,-112.1706009,0.9,Male,,45-55,White/Caucasian,,Some college,Yes,Liberal,0,Somewhat agree,Treatment,Somewhat disagree,Somewhat disagree,Somewhat agree,Strongly disagree,30503,1b-1-ea-91-40-5e-25-38-93-7f-85-32-14-d3-df-a0,85375,Sun City West,AZ,United States,US,2020-11-28T11:48:19-07:00,Legal
11/28/2020 11:58,11/28/2020 12:10,100,740,TRUE,11/28/2020 12:10,R_3e51KjoCi8THpRn,29.87379456,-95.52330017,0.3,Male,,45-55,White/Caucasian,,>=Bachelor's degree,Yes,Ind./Other,0,Strongly agree,Placebo,Strongly disagree,Strongly disagree,Somewhat agree,Somewhat agree,80738,7b-b9-1-a7-ab-76-dd-72-20-e7-b9-b3-90-8c-d7-e0,77040,Houston,TX,United States,US,2020-11-28T12:10:38-07:00,Legal
11/28/2020 12:07,11/28/2020 12:14,100,431,TRUE,11/28/2020 12:14,R_2tsdVd876vM8aX2,28.90249634,-81.2480011,0.9,Female,,45-55,White/Caucasian,,Some college,Yes,Liberal,1,Strongly agree,Placebo,Somewhat agree,Somewhat disagree,Somewhat disagree,Strongly disagree,92063,17-c2-ef-16-7e-17-2b-e-51-ac-55-f0-6-f6-33-e9,32725,Deltona,FL,United States,US,2020-11-28T12:14:30-07:00,Legal
11/28/2020 12:08,11/28/2020 12:19,100,672,TRUE,11/28/2020 12:19,R_21vp9Lctk47F5cU,35.38420105,-85.39250183,0.9,Male,,45-55,White/Caucasian,,Some college,Yes,Ind./Other,0,Somewhat agree,Treatment,Strongly agree,Somewhat agree,Strongly agree,Somewhat disagree,32025,a6-a4-1e-8e-6f-38-33-c1-9f-b1-ad-7c-80-9-6f-87,37327,Dunlap,TN,United States,US,2020-11-28T12:19:46-07:00,Illegal
11/28/2020 12:17,11/28/2020 12:23,100,355,TRUE,11/28/2020 12:23,R_3oXuGmwHAHjFFbv,39.94639587,-75.05169678,0.9,Male,,45-55,White/Caucasian,,>=Bachelor's degree,Yes,Liberal,1,Neither agree nor disagree,Placebo,Somewhat disagree,Neither agree nor disagree,Somewhat agree,Neither agree nor disagree,61914,76-c9-16-32-73-ff-b1-7e-a7-93-7-16-9f-79-60-19,8109,Merchantville,NJ,United States,US,2020-11-28T12:23:25-07:00,Legal
11/28/2020 12:46,11/28/2020 12:54,100,447,TRUE,11/28/2020 12:54,R_2ci5HK5OySLR0Pb,33.56990051,-86.72399902,0.9,Female,,45-55,White/Caucasian,,>=Bachelor's degree,Yes,Conservative,1,Somewhat agree,Treatment,Neither agree nor disagree,Somewhat agree,Neither agree nor disagree,Somewhat agree,72811,9e-9a-5-59-c2-b3-f2-1a-44-39-e1-59-e6-1-a4-8e,35212,Birmingham,AL,United States,US,2020-11-28T12:54:10-07:00,Legal
11/28/2020 11:03,11/28/2020 11:11,100,455,TRUE,11/28/2020 11:11,R_tJmmv4mtG8SpYZz,29.7519989,-95.34300232,0.9,Male,,55 and Older,White/Caucasian,,>=Bachelor's degree,Yes,Conservative,1,Somewhat agree,Treatment,Somewhat agree,Somewhat agree,Strongly agree,Somewhat agree,75806,2a-8d-c-f3-c0-2-cf-c8-80-26-31-81-73-71-fb-e9,77017,Houston,TX,United States,US,2020-11-28T11:11:01-07:00,Legal
11/28/2020 11:02,11/28/2020 11:11,100,542,TRUE,11/28/2020 11:11,R_DN8iC5PyyDiPj45,39.50799561,-121.4570999,0.9,Female,,55 and Older,White/Caucasian,,High school,No,Ind./Other,1,Strongly agree,Placebo,Somewhat agree,Somewhat disagree,Somewhat agree,Neither agree nor disagree,52310,26-5f-14-e5-38-41-74-84-81-a1-39-56-cc-df-d8-fd,95966,Oroville,CA,United States,US,2020-11-28T11:11:47-07:00,Legal
11/28/2020 11:03,11/28/2020 11:12,100,570,TRUE,11/28/2020 11:12,R_2uHQ7Hj6zhhwca8,39.03390503,-77.08300018,0.9,Female,,55 and Older,White/Caucasian,,>=Bachelor's degree,No,Liberal,1,Somewhat agree,Treatment,Somewhat agree,Strongly disagree,Somewhat agree,Somewhat disagree,99517,ab-69-45-5-21-1c-e8-c0-4b-f3-0-53-9b-0-50-c2,20906,Silver Spring,MD,United States,US,2020-11-28T11:12:41-07:00,Legal
11/28/2020 11:06,11/28/2020 11:12,100,370,TRUE,11/28/2020 11:12,R_3MgK0nCRDi0goHa,33.35040283,-111.7819977,0.9,Male,,55 and Older,White/Caucasian,,>=Bachelor's degree,No,Ind./Other,1,Somewhat agree,Treatment,Neither agree nor disagree,Neither agree nor disagree,Somewhat agree,Somewhat disagree,83598,50-de-74-8-35-af-d9-6b-1d-84-aa-c2-b6-f-1d-22,85234,Gilbert,AZ,United States,US,2020-11-28T11:12:44-07:00,Legal
11/28/2020 11:03,11/28/2020 11:12,100,569,TRUE,11/28/2020 11:12,R_UsXp3FxYzF2kj4d,39.5381012,-119.8365021,0.9,Female,,55 and Older,White/Caucasian,,>=Bachelor's degree,Yes,Liberal,1,Strongly agree,Treatment,Somewhat disagree,Neither agree nor disagree,Strongly agree,Neither agree nor disagree,37561,6f-25-c9-5c-d0-de-6b-4-50-2e-6d-eb-4a-1f-23-17,89503,Reno,NV,United States,US,2020-11-28T11:12:53-07:00,Legal
11/28/2020 11:05,11/28/2020 11:12,100,467,TRUE,11/28/2020 11:12,R_3HhkegwjlO3NI0x,25.7348938,-80.22280121,0.9,Female,,55 and Older,White/Caucasian,,>=Bachelor's degree,Yes,Conservative,1,Neither agree nor disagree,Placebo,Somewhat agree,Somewhat agree,Neither agree nor disagree,Neither agree nor disagree,48821,e3-ad-26-82-4b-db-f3-77-a2-70-a2-73-bc-20-6c-c8,33145,Miami,FL,United States,US,2020-11-28T11:12:58-07:00,Legal
11/28/2020 11:03,11/28/2020 11:13,100,596,TRUE,11/28/2020 11:13,R_2PpsabV4em6SQ2s,47.60319519,-122.3412018,0.9,Male,,55 and Older,White/Caucasian,,Some college,No,Conservative,1,Strongly agree,Placebo,Strongly agree,Somewhat agree,Strongly agree,Somewhat disagree,47505,62-8a-f8-a3-47-17-2c-d4-d7-fc-57-7f-bb-df-6f-92,98198,Seattle,WA,United States,US,2020-11-28T11:13:12-07:00,Legal
11/28/2020 11:05,11/28/2020 11:14,100,494,TRUE,11/28/2020 11:14,R_4MCwdDfkgUBPA0F,28.33270264,-80.61470032,0.9,Male,,55 and Older,White/Caucasian,,>=Bachelor's degree,No,Ind./Other,0,Somewhat agree,Treatment,Somewhat disagree,Somewhat agree,Somewhat agree,Somewhat disagree,56408,7a-f4-53-be-59-1-d4-fc-b-f-6a-fd-79-9f-f6-5d,32931,Cocoa Beach,FL,United States,US,2020-11-28T11:14:00-07:00,Legal
11/28/2020 11:05,11/28/2020 11:14,100,534,TRUE,11/28/2020 11:14,R_3iDtVCRzPh7RiX3,35.1566925,-89.92739868,0.9,Male,,55 and Older,White/Caucasian,,Some college,Yes,Liberal,1,Strongly agree,Placebo,Strongly agree,Strongly agree,Strongly agree,Somewhat disagree,48376,8e-4d-d7-93-b4-b7-6-a3-5-4f-f5-aa-50-47-fb-12,38122,Memphis,TN,United States,US,2020-11-28T11:14:38-07:00,Illegal
11/28/2020 11:04,11/28/2020 11:15,100,619,TRUE,11/28/2020 11:15,R_3OjP9uIly5fKSEd,41.97549438,-88.08779907,0.9,Male,,55 and Older,Black or African Am.,,>=Bachelor's degree,Yes,Liberal,1,Strongly agree,Treatment,Strongly agree,Strongly agree,Somewhat agree,Strongly agree,35249,6a-c2-28-3c-7f-65-dc-55-9-25-30-99-b3-e5-3b-2d,60172,Roselle,IL,United States,US,2020-11-28T11:15:03-07:00,Legal
11/28/2020 11:06,11/28/2020 11:15,100,551,TRUE,11/28/2020 11:15,R_2qfpMBBMIKRny9g,37.82499695,-87.56549835,0.9,Female,,55 and Older,White/Caucasian,,Some college,Yes,Conservative,1,Somewhat agree,Treatment,Somewhat agree,Neither agree nor disagree,Strongly agree,Somewhat agree,89089,b7-a4-50-2c-4-b9-cf-5e-26-71-f-2e-e6-8c-e7-a8,42420,Henderson,KY,United States,US,2020-11-28T11:15:12-07:00,Legal
11/28/2020 11:05,11/28/2020 11:15,100,583,TRUE,11/28/2020 11:15,R_24FSuBwbtq9dQcl,42.230896,-88.33789825,0.9,Female,,55 and Older,White/Caucasian,,>=Bachelor's degree,Yes,Conservative,0,Strongly agree,Placebo,Somewhat agree,Somewhat disagree,Somewhat agree,Somewhat agree,53318,40-9e-14-88-d9-44-84-34-8f-76-88-78-84-17-33-e3,60014,Crystal Lake,IL,United States,US,2020-11-28T11:15:30-07:00,Legal
11/28/2020 11:06,11/28/2020 11:16,100,602,TRUE,11/28/2020 11:16,R_1gwMfzX1npoo4Br,39.72909546,-105.1896973,0.9,Female,,55 and Older,White/Caucasian,,>=Bachelor's degree,Yes,Conservative,1,Neither agree nor disagree,Placebo,Neither agree nor disagree,Strongly agree,Strongly agree,Strongly disagree,99089,e0-36-8c-66-39-20-d2-f8-4d-b2-f7-97-76-a0-74-d7,80401,Golden,CO,United States,US,2020-11-28T11:16:19-07:00,Legal
11/28/2020 11:07,11/28/2020 11:16,100,581,TRUE,11/28/2020 11:16,R_3Jl9WyEXjQNJUrL,39.15890503,-75.58779907,0.9,Male,,55 and Older,White/Caucasian,,>=Bachelor's degree,No,Liberal,1,Strongly agree,Placebo,Strongly disagree,Somewhat agree,Somewhat agree,Somewhat disagree,60447,58-45-5a-bc-b3-17-7f-ae-3a-a9-b2-8a-28-2-d5-4e,19904,Dover,DE,United States,US,2020-11-28T11:16:47-07:00,Legal
11/28/2020 11:05,11/28/2020 11:16,100,666,TRUE,11/28/2020 11:16,R_1LSuDOj6YvzbsXd,30.77729797,-86.48320007,0.9,Male,,55 and Older,White/Caucasian,,Some college,Yes,Ind./Other,0,Strongly agree,Placebo,Neither agree nor disagree,Neither agree nor disagree,Somewhat agree,Strongly disagree,69252,e7-d9-91-bc-9f-c1-86-4a-1-d6-f0-ac-8e-52-9f-e2,32539,Crestview,FL,United States,US,2020-11-28T11:16:55-07:00,Legal
11/28/2020 11:09,11/28/2020 11:17,100,490,TRUE,11/28/2020 11:17,R_AzDXJxQOhx7vuql,40.61289978,-74.41600037,0.9,Male,,55 and Older,White/Caucasian,,>=Bachelor's degree,Yes,Liberal,0,Strongly agree,Placebo,Somewhat agree,Somewhat disagree,Strongly disagree,Somewhat disagree,20237,88-8b-d4-3d-a0-d-86-c3-2b-f4-7f-c9-1c-b4-ef-95,7062,Plainfield,NJ,United States,US,2020-11-28T11:17:24-07:00,Legal
11/28/2020 11:07,11/28/2020 11:17,100,595,TRUE,11/28/2020 11:17,R_24NaExKk4IimySH,32.38949585,-89.95619965,0.9,Female,,55 and Older,White/Caucasian,,>=Bachelor's degree,No,Conservative,1,Strongly agree,Placebo,Somewhat agree,Somewhat agree,Strongly agree,Somewhat agree,93757,7c-54-91-88-e3-ea-c-33-43-5c-f5-9c-a9-41-7b-18,39073,Florence,MS,United States,US,2020-11-28T11:17:28-07:00,Legal
11/28/2020 11:07,11/28/2020 11:17,100,613,TRUE,11/28/2020 11:17,R_1ogRu3fMmCL1TKn,44.50340271,-87.98130035,0.9,Female,,55 and Older,White/Caucasian,,>=Bachelor's degree,Yes,Liberal,0,Strongly agree,Treatment,Somewhat agree,Somewhat agree,Somewhat agree,Strongly disagree,96692,cd-43-b3-fa-94-4e-f6-59-43-3f-6-28-33-24-d7-f2,54302,Green Bay,WI,United States,US,2020-11-28T11:17:52-07:00,Legal
11/28/2020 11:06,11/28/2020 11:18,100,688,TRUE,11/28/2020 11:18,R_OQpNlbzNm6QXTRn,44.16600037,-87.58319855,0.9,Male,,55 and Older,White/Caucasian,,Some college,No,Ind./Other,1,Neither agree nor disagree,Treatment,Somewhat agree,Somewhat agree,Strongly agree,Strongly disagree,23626,36-3e-58-6-66-7-ec-7c-dc-67-a9-4b-72-24-f6-79,54241,Two Rivers,WI,United States,US,2020-11-28T11:18:16-07:00,Legal
11/28/2020 11:08,11/28/2020 11:18,100,562,TRUE,11/28/2020 11:18,R_22RZfMlW5038qiC,36.03219604,-79.8588028,0.9,Male,,55 and Older,White/Caucasian,,Some college,No,Liberal,1,Somewhat agree,Treatment,Strongly agree,Strongly agree,Strongly agree,Strongly disagree,47978,b8-6-be-b0-bc-9e-c8-71-c0-a3-9e-7d-44-70-50-f,27407,Greensboro,NC,United States,US,2020-11-28T11:18:19-07:00,Illegal
11/28/2020 11:05,11/28/2020 11:19,100,839,TRUE,11/28/2020 11:19,R_27Nf5YPckixlcO9,35.18730164,-79.47299957,0.9,Female,,55 and Older,White/Caucasian,,>=Bachelor's degree,No,Liberal,1,Strongly agree,Placebo,Strongly agree,Strongly agree,Strongly agree,Strongly disagree,89991,92-71-97-21-71-67-b9-9a-dd-a4-f2-3e-44-d1-4b-59,28374,Pinehurst,NC,United States,US,2020-11-28T11:19:10-07:00,Illegal
11/28/2020 11:07,11/28/2020 11:19,100,684,TRUE,11/28/2020 11:19,R_2wuChWTQum4jzQP,40.07319641,-82.40170288,0.9,Female,,55 and Older,White/Caucasian,,Some college,Yes,Ind./Other,1,Somewhat agree,Placebo,Neither agree nor disagree,Neither agree nor disagree,Neither agree nor disagree,Somewhat disagree,41618,62-f6-b5-58-16-79-9e-a0-15-75-7-cc-6-e0-b9-19,43055,Newark,OH,United States,US,2020-11-28T11:19:19-07:00,Legal
11/28/2020 11:06,11/28/2020 11:25,100,1118,TRUE,11/28/2020 11:25,R_3QKrHxVnEgcqiqD,41.33259583,-85.71029663,0.9,Female,,55 and Older,White/Caucasian,,High school,No,Liberal,1,Strongly agree,Placebo,Somewhat disagree,Somewhat agree,Neither agree nor disagree,Somewhat disagree,25012,89-3b-1a-d0-9b-cc-2c-d-2-30-9-21-17-40-81-a3,46725,Columbia City,IN,United States,US,2020-11-28T11:25:04-07:00,Legal
11/28/2020 11:07,11/28/2020 11:28,100,1269,TRUE,11/28/2020 11:28,R_2qDkDKgRvYiqUQu,34.05439758,-118.2440033,0.9,Female,,55 and Older,White/Caucasian,,>=Bachelor's degree,Yes,Conservative,1,Strongly agree,Placebo,Strongly agree,Strongly agree,Somewhat agree,Strongly agree,59174,b2-f5-4f-40-18-a2-55-a9-95-ad-10-ba-8d-b2-8e-e9,90009,Los Angeles,CA,United States,US,2020-11-28T11:28:38-07:00,Legal
11/28/2020 11:04,11/28/2020 11:29,100,1470,TRUE,11/28/2020 11:29,R_2v7gVfpHeFz4Obj,34.05439758,-118.2440033,0.9,Female,,55 and Older,White/Caucasian,,Some college,Yes,Conservative,1,Strongly agree,Treatment,Strongly agree,Strongly agree,Strongly agree,Strongly agree,17079,b1-6c-7e-79-d8-58-7c-c-6c-b4-af-4c-a1-b7-f3-48,90009,Los Angeles,CA,United States,US,2020-11-28T11:29:03-07:00,Legal
11/28/2020 11:02,11/28/2020 11:31,100,1691,TRUE,11/28/2020 11:31,R_1FQlCn6H4BdzIoQ,40.79570007,-77.86180115,0.9,Male,,55 and Older,White/Caucasian,,High school,Yes,Ind./Other,0,Strongly agree,Placebo,Somewhat disagree,Neither agree nor disagree,Neither agree nor disagree,Neither agree nor disagree,84968,ed-23-e6-cd-21-5d-6f-14-e5-95-44-cc-f-66-a2-33,16801,State College,PA,United States,US,2020-11-28T11:31:02-07:00,Legal
11/28/2020 11:22,11/28/2020 11:33,100,667,TRUE,11/28/2020 11:33,R_3D7IX5UVXhx8O4E,32.71040344,-117.0527954,0.9,Male,,55 and Older,White/Caucasian,,Some college,Yes,Liberal,0,Strongly agree,Treatment,Neither agree nor disagree,Somewhat disagree,Somewhat agree,Somewhat agree,75699,41-dc-aa-ed-35-e0-7f-5c-49-39-75-35-7f-58-a2-a2,92114,San Diego,CA,United States,US,2020-11-28T11:33:39-07:00,Legal
11/28/2020 11:22,11/28/2020 11:33,100,652,TRUE,11/28/2020 11:33,R_1FFaIqiyjjSxw9f,26.65429688,-80.12560272,0.9,Female,,55 and Older,White/Caucasian,,High school,No,Liberal,0,Strongly agree,Placebo,Somewhat disagree,Somewhat agree,Somewhat agree,Strongly disagree,88668,83-9f-b-9f-8b-10-8d-2e-d8-74-c3-d9-a6-5c-bf-f0,33463,Lake Worth,FL,United States,US,2020-11-28T11:33:40-07:00,Legal
11/28/2020 11:27,11/28/2020 11:36,100,581,TRUE,11/28/2020 11:36,R_cUtgkNwP623iVd7,35.92430115,-83.99649811,0.9,Male,,55 and Older,White/Caucasian,,High school,Yes,Ind./Other,0,Somewhat agree,Treatment,Somewhat agree,Somewhat agree,Somewhat agree,Strongly disagree,73567,65-cd-54-e-12-27-42-92-ec-40-d1-28-29-4b-4d-e0,37919,Knoxville,TN,United States,US,2020-11-28T11:36:52-07:00,Illegal
11/28/2020 11:07,11/28/2020 11:39,100,1923,TRUE,11/28/2020 11:39,R_eyppITpYc3I03ct,33.35549927,-86.82740021,0.7,Male,,55 and Older,Hispanic/Latino,,>=Bachelor's degree,Yes,Conservative,1,Somewhat agree,Treatment,Strongly agree,Somewhat agree,Somewhat disagree,Somewhat agree,74306,79-14-e2-30-29-d-a-9a-eb-7-3f-a8-56-f1-33-e1,35244,Birmingham,AL,United States,US,2020-11-28T11:39:05-07:00,Legal
11/28/2020 11:28,11/28/2020 11:42,100,855,TRUE,11/28/2020 11:42,R_3QXWKJDCsopmNUo,34.05439758,-118.2440033,0.9,Male,,55 and Older,White/Caucasian,,>=Bachelor's degree,Yes,Conservative,1,Strongly agree,Treatment,Strongly agree,Strongly agree,Strongly agree,Strongly agree,57495,9e-b9-47-92-c9-5e-be-74-26-52-95-b4-80-d2-5f-1f,90009,Los Angeles,CA,United States,US,2020-11-28T11:42:17-07:00,Legal
11/28/2020 11:37,11/28/2020 11:47,100,550,TRUE,11/28/2020 11:47,R_2rMmgiNJvI2t5wt,40.9571991,-74.16040039,0.7,Female,,55 and Older,White/Caucasian,,High school,Yes,Liberal,1,Somewhat agree,Placebo,Strongly agree,Somewhat agree,Somewhat agree,Neither agree nor disagree,14567,9e-e1-7d-67-ee-a9-81-cb-8d-b4-db-d0-58-8-c8-2d,7506,Hawthorne,NJ,United States,US,2020-11-28T11:47:03-07:00,Legal
11/28/2020 11:41,11/28/2020 11:47,100,396,TRUE,11/28/2020 11:47,R_3dSQ0uNEPtX0FeF,27.96000671,-82.46140289,0.9,Female,,55 and Older,White/Caucasian,,>=Bachelor's degree,Yes,Liberal,0,Strongly agree,Placebo,Neither agree nor disagree,Strongly agree,Strongly agree,Strongly disagree,74101,be-fb-6f-df-c0-bd-9b-37-d8-16-87-cc-69-53-e-9e,33602,Tampa,FL,United States,US,2020-11-28T11:47:58-07:00,Legal
11/28/2020 11:37,11/28/2020 11:48,100,622,TRUE,11/28/2020 11:48,R_2rpvhyhnr5q6Ze5,33.47929382,-112.3121033,0.9,Female,,55 and Older,Asian,,Some college,Yes,Liberal,1,Strongly agree,Treatment,Strongly agree,Strongly agree,Strongly agree,Neither agree nor disagree,43832,ea-66-4-86-2a-4f-47-3-cf-59-2-86-df-fe-5e-5,85392,Avondale,AZ,United States,US,2020-11-28T11:48:19-07:00,Legal
11/28/2020 11:38,11/28/2020 11:49,100,666,TRUE,11/28/2020 11:49,R_Y3lxj8PRgaPnDpf,29.02470398,-80.95839691,0.9,Female,,55 and Older,White/Caucasian,,>=Bachelor's degree,Yes,Liberal,0,Strongly agree,Placebo,Strongly disagree,Neither agree nor disagree,Somewhat agree,Neither agree nor disagree,74370,f0-f9-53-79-f3-ff-62-8c-ae-97-1a-0-1a-f2-84-3e,32141,Edgewater,FL,United States,US,2020-11-28T11:49:48-07:00,Legal
11/28/2020 11:43,11/28/2020 11:52,100,508,TRUE,11/28/2020 11:52,R_3PoSZTvXx3hXGC1,37.75100708,-97.8219986,0.5,Female,,55 and Older,White/Caucasian,,>=Bachelor's degree,No,Conservative,1,Somewhat agree,Treatment,Somewhat agree,Neither agree nor disagree,Neither agree nor disagree,Neither agree nor disagree,39140,59-f4-98-69-42-38-74-bb-b5-6a-a3-b8-e-a6-57-d7,,,KS,United States,US,2020-11-28T11:52:19-07:00,Illegal
11/28/2020 11:20,11/28/2020 11:56,100,2126,TRUE,11/28/2020 11:56,R_yUSdrUwJdSE0ECt,34.05439758,-118.2440033,0.9,Female,,55 and Older,White/Caucasian,,Some college,Yes,Conservative,1,Strongly agree,Placebo,Strongly agree,Strongly agree,Strongly agree,Strongly agree,33794,98-8f-78-3-f9-41-d8-88-b0-b7-84-fd-3d-6e-30-53,90009,Los Angeles,CA,United States,US,2020-11-28T11:56:10-07:00,Legal
11/28/2020 11:12,11/28/2020 12:13,100,3695,TRUE,11/28/2020 12:13,R_3khcIbUliD7QAQY,33.62620544,-112.0074005,0.9,Female,,55 and Older,White/Caucasian,,>=Bachelor's degree,Yes,Liberal,1,Somewhat agree,Treatment,Somewhat disagree,Somewhat disagree,Somewhat agree,Somewhat agree,46728,6e-fe-12-de-1-1-98-33-1b-eb-ad-5e-9-93-23-41,85032,Phoenix,AZ,United States,US,2020-11-28T12:13:45-07:00,Legal
11/28/2020 12:27,11/28/2020 12:40,100,773,TRUE,11/28/2020 12:40,R_1CEGVKUl8Gfcp8U,43.63389587,-116.2942047,0.7,Female,,55 and Older,White/Caucasian,,>=Bachelor's degree,No,Ind./Other,1,Strongly agree,Placebo,Strongly agree,Somewhat agree,Strongly agree,Neither agree nor disagree,92154,13-cd-b-e9-ac-e6-9e-f6-9b-e0-28-51-32-40-c0-6,83705,Boise,ID,United States,US,2020-11-28T12:40:19-07:00,Illegal
11/28/2020 12:34,11/28/2020 12:45,100,622,TRUE,11/28/2020 12:45,R_1n8ugmNSBQg4T8p,36.3125,-82.3769989,0.9,Female,,55 and Older,White/Caucasian,,>=Bachelor's degree,Yes,Ind./Other,1,Somewhat agree,Treatment,Strongly agree,Somewhat disagree,Somewhat agree,Strongly disagree,20714,95-d8-b3-e7-20-2b-cd-3d-5e-9-b9-6f-9f-38-58-5e,37604,Johnson City,TN,United States,US,2020-11-28T12:45:18-07:00,Illegal
11/28/2020 11:00,11/28/2020 11:10,,600,FALSE,11/28/2020 11:10,FS_1LMvBCj45gXkbsN,,,0.5,Female,,25-35,White/Caucasian,,Some college,Yes,Ind./Other,1,Strongly agree,Treatment,Strongly agree,Somewhat agree,Strongly agree,Strongly disagree,92469,ce-be-32-30-e1-1d-29-d3-e-63-9e-e9-c0-f3-61-c,,,TN,United States,US,11/28/2020 11:10,Illegal
11/28/2020 11:01,11/28/2020 11:12,,660,FALSE,11/28/2020 11:12,FS_3L5XlgEFrORu5Ye,,,0.5,Female,,25-35,White/Caucasian,,>=Bachelor's degree,Yes,Liberal,1,Strongly agree,Placebo,Somewhat agree,Somewhat agree,Somewhat agree,Somewhat disagree,10554,49-7b-ce-f8-65-4f-b8-c9-8c-b7-a5-e-19-69-a4-e0,,,DE,United States,US,11/28/2020 11:12,Legal
11/28/2020 11:03,11/28/2020 11:11,,480,FALSE,11/28/2020 11:11,FS_3iUsdJ6Vn37wVQk,,,0.5,Male,,25-35,White/Caucasian,,High school,Yes,Ind./Other,1,Somewhat agree,Treatment,Strongly agree,Strongly agree,Somewhat disagree,Strongly agree,93352,ef-69-9b-4f-ec-5f-5c-18-4-7-52-6a-3e-86-29-c3,,,NJ,United States,US,11/28/2020 11:11,Legal
11/28/2020 11:33,11/28/2020 11:47,,840,FALSE,11/28/2020 11:47,FS_12SwXTg0fACDdaq,,,0.5,Female,,25-35,White/Caucasian,,>=Bachelor's degree,Yes,Conservative,1,Somewhat agree,Treatment,Strongly agree,Somewhat agree,Somewhat agree,Strongly agree,67496,e6-5a-62-bc-8d-ee-ce-d8-3a-26-53-35-ea-7-fe-a1,,,CA,United States,US,11/28/2020 11:47,Legal
11/28/2020 12:01,11/28/2020 12:08,,420,FALSE,11/28/2020 12:08,FS_1mJzv5Gf2TRKh13,,,0.5,Male,,25-35,Black or African Am.,,>=Bachelor's degree,Yes,Conservative,1,Strongly agree,Placebo,Strongly agree,Strongly agree,Strongly agree,Somewhat agree,83344,73-d7-3d-29-20-19-12-97-f-34-9d-ca-b5-d5-71-2c,,,GA,United States,US,11/28/2020 12:08,Legal
11/28/2020 12:08,11/28/2020 12:25,,1020,FALSE,11/28/2020 12:25,FS_2ts57ljxE2r0tZ1,,,0.5,Female,,25-35,Black or African Am.,,>=Bachelor's degree,Yes,Conservative,1,Strongly agree,Placebo,Strongly agree,Somewhat agree,Strongly agree,Strongly agree,34506,7e-3d-2c-17-70-cb-41-bb-83-71-73-e7-12-29-3b-bb,,,GA,United States,US,11/28/2020 12:25,Legal
11/28/2020 11:01,11/28/2020 11:10,,540,FALSE,11/28/2020 11:10,FS_2EtyIQgbyYkfEYK,,,0.5,Female,,35-45,White/Caucasian,,Some college,Yes,Liberal,1,Somewhat agree,Placebo,Somewhat agree,Strongly agree,Strongly agree,Strongly disagree,65671,32-d4-5a-d8-96-d1-7e-87-a0-ae-43-1b-5b-f9-2e-9e,,,MI,United States,US,11/28/2020 11:10,Legal
11/28/2020 11:06,11/28/2020 11:12,,360,FALSE,11/28/2020 11:12,FS_2455kKvpPWgZ2q5,,,0.5,Female,,35-45,White/Caucasian,,>=Bachelor's degree,Yes,Liberal,1,Somewhat agree,Treatment,Somewhat agree,Strongly agree,Somewhat agree,Strongly agree,26430,2e-9d-92-74-24-8d-2-d-42-f7-54-6d-e2-22-8f-7b,,,ND,United States,US,11/28/2020 11:12,Legal
11/28/2020 11:06,11/28/2020 11:26,,1200,FALSE,11/28/2020 11:26,FS_0IELjjNtCsgBJTj,,,0.5,Female,,35-45,White/Caucasian,,>=Bachelor's degree,Yes,Conservative,1,Somewhat agree,Placebo,Strongly agree,Strongly agree,Strongly disagree,Somewhat disagree,42537,ad-86-7d-cc-73-80-56-b1-fc-f0-a8-1d-74-cc-e5-7,,,India,India,India,11/28/2020 11:26,
11/28/2020 11:09,11/28/2020 11:20,,660,FALSE,11/28/2020 11:20,FS_eKas9XkDTsjSNih,,,0.5,Male,,35-45,White/Caucasian,,Some college,Yes,Liberal,1,Strongly agree,Treatment,Strongly agree,Somewhat disagree,Somewhat agree,Strongly disagree,55706,9f-f3-a2-e4-1a-b-fa-c3-53-70-25-7a-e1-1-d6-d4,,,MO,United States,US,11/28/2020 11:20,Legal
11/28/2020 11:03,11/28/2020 11:14,,660,FALSE,11/28/2020 11:14,FS_2sTgU3RDfLRrhUs,,,0.5,Male,,45-55,White/Caucasian,,>=Bachelor's degree,Yes,Conservative,1,Somewhat agree,Treatment,Somewhat agree,Somewhat agree,Strongly agree,Somewhat agree,95038,90-c1-9a-9b-31-8f-a1-eb-30-8a-ab-59-cb-c6-97-71,,,NJ,United States,US,11/28/2020 11:14,Legal
11/28/2020 11:03,11/28/2020 11:15,,600,FALSE,11/28/2020 11:15,FS_2XhQfUWO52KMgXw,,,0.5,Male,,45-55,White/Caucasian,,Some college,No,Ind./Other,1,Somewhat agree,Placebo,Neither agree nor disagree,Somewhat disagree,Somewhat agree,Somewhat agree,24761,44-15-6-b0-c0-10-8f-34-d8-b7-6-a3-2b-be-a9-ce,,,CA,United States,US,11/28/2020 11:15,Legal
11/28/2020 11:04,11/28/2020 11:14,,600,FALSE,11/28/2020 11:14,FS_a2AhO6qPvNBO6el,,,0.5,Female,,45-55,Hispanic/Latino,,>=Bachelor's degree,Yes,Liberal,1,Strongly agree,Treatment,Strongly agree,Strongly agree,Strongly agree,Strongly agree,13855,fb-83-68-36-a0-3a-a-70-a8-10-8-93-6c-d5-c3-5b,,,AR,United States,US,11/28/2020 11:14,Legal
11/28/2020 11:04,11/28/2020 12:03,,3540,FALSE,11/28/2020 12:03,FS_24laJ4MJlVWS4tG,,,0.5,Female,,45-55,White/Caucasian,,>=Bachelor's degree,Yes,Ind./Other,0,Strongly agree,Treatment,Strongly disagree,Strongly disagree,Neither agree nor disagree,Strongly disagree,49979,36-d7-73-61-7f-58-f3-d7-45-77-42-af-aa-4a-89-c3,,,OH,United States,US,11/28/2020 12:03,Legal
11/28/2020 11:04,11/28/2020 11:19,,900,FALSE,11/28/2020 11:19,FS_3FPxu6NVOlu4PMY,,,0.5,Male,,45-55,Black or African Am.,,>=Bachelor's degree,Yes,Conservative,0,Strongly agree,Treatment,Strongly agree,Somewhat agree,Strongly agree,Strongly agree,41834,5-d2-d6-ee-37-a9-54-96-16-27-c1-fc-f5-69-1a-c4,,,AZ,United States,US,11/28/2020 11:19,Legal
11/28/2020 11:04,11/28/2020 11:15,,660,FALSE,11/28/2020 11:15,FS_PMMujUMwQifMy77,,,0.5,Female,,45-55,Hispanic/Latino,,>=Bachelor's degree,Yes,Liberal,1,Somewhat agree,Treatment,Somewhat agree,Neither agree nor disagree,Somewhat agree,Neither agree nor disagree,59133,99-da-a3-34-bb-1a-54-76-e-e-1f-72-e7-86-ff-b5,,,OK,United States,US,11/28/2020 11:15,Legal
11/28/2020 11:07,11/28/2020 11:16,,540,FALSE,11/28/2020 11:16,FS_DPsgRFyeVgH1Qbf,,,0.5,Female,,45-55,White/Caucasian,,>=Bachelor's degree,Yes,Conservative,1,Somewhat agree,Placebo,Somewhat agree,Somewhat agree,Somewhat agree,Somewhat agree,87852,70-f7-45-d5-65-f-a5-a5-ac-77-d2-6-a8-f4-8-fd,,,NJ,United States,US,11/28/2020 11:16,Legal
11/28/2020 11:13,11/28/2020 11:27,,840,FALSE,11/28/2020 11:27,FS_3G3THJdYzjhpLax,,,0.5,Female,,45-55,Hispanic/Latino,,>=Bachelor's degree,Yes,Liberal,1,Strongly agree,Treatment,Somewhat agree,Strongly agree,Neither agree nor disagree,Somewhat agree,65322,80-bc-22-2e-b4-54-41-b0-4-e1-d0-13-6c-1f-28-7c,,,LA,United States,US,11/28/2020 11:27,Legal
11/28/2020 11:03,11/28/2020 11:27,,1440,FALSE,11/28/2020 11:27,FS_2w5go6whqB87eUu,,,0.5,Female,,55 and Older,White/Caucasian,,>=Bachelor's degree,Yes,Liberal,1,Strongly agree,Treatment,Somewhat agree,Strongly agree,Strongly agree,Strongly agree,16642,d0-f9-d5-57-ce-bd-c3-fa-c7-bf-61-cb-26-b3-eb-82,,,TX,United States,US,11/28/2020 11:27,Legal
11/28/2020 11:06,11/28/2020 11:17,,660,FALSE,11/28/2020 11:17,FS_3hDtOhmeP9CpzM9,,,0.5,Female,,55 and Older,White/Caucasian,,Some college,Yes,Conservative,1,Strongly agree,Treatment,Strongly agree,Somewhat disagree,Strongly agree,Neither agree nor disagree,64607,1e-89-2b-6d-fd-a-66-5a-5c-c8-fd-29-8c-9b-2e-dd,,,GA,United States,US,11/28/2020 11:17,Legal
11/28/2020 11:09,11/28/2020 11:15,,360,FALSE,11/28/2020 11:15,FS_1IKHPvLU64nchz2,,,0.5,Female,,55 and Older,White/Caucasian,,>=Bachelor's degree,Yes,Conservative,1,Somewhat agree,Treatment,Somewhat agree,Somewhat agree,Neither agree nor disagree,Somewhat agree,38690,e9-af-af-79-3f-18-b-e7-be-6c-b2-12-fb-ab-ba-b4,,,OR,United States,US,11/28/2020 11:15,Legal
11/28/2020 11:18,11/28/2020 11:27,,540,FALSE,11/28/2020 11:27,FS_3g0pq3yNMWclObm,,,0.5,Male,,55 and Older,White/Caucasian,,>=Bachelor's degree,Yes,Conservative,1,Strongly agree,Treatment,Strongly agree,Somewhat agree,Strongly agree,Strongly disagree,30908,42-15-15-73-bf-6-d0-de-37-d1-db-e4-af-a5-59-bb,,,GA,United States,US,11/28/2020 11:27,Legal
11/28/2020 11:19,11/28/2020 11:30,,660,FALSE,11/28/2020 11:30,FS_ezzaqDq7Q40j6sF,,,0.5,Male,,55 and Older,White/Caucasian,,Some college,No,Conservative,1,Strongly agree,Placebo,Strongly agree,Somewhat agree,Strongly agree,Somewhat disagree,39218,13-cd-b-e9-ac-e6-9e-f6-9b-e0-28-51-32-40-c0-6,,,ID,United States,US,11/28/2020 11:30,Illegal
11/28/2020 11:46,11/28/2020 12:22,,2160,FALSE,11/28/2020 12:22,FS_p9Okw7dzLVTEz2p,,,0.5,Female,,55 and Older,White/Caucasian,,>=Bachelor's degree,Yes,Conservative,0,Somewhat agree,Treatment,Somewhat agree,Neither agree nor disagree,Somewhat agree,Somewhat disagree,86580,7e-30-14-1c-25-5d-83-8-3b-2-24-69-58-b2-91-cc,,,FL,United States,US,11/28/2020 12:22,Legal
